,hour,tech,dispatch,zone,period
0,1,net_export,-12392.128761113498,ime,2021 week 6
1,2,net_export,-12392.128761113498,ime,2021 week 6
2,3,net_export,-12181.529562361258,ime,2021 week 6
3,4,net_export,-12392.128761113498,ime,2021 week 6
4,5,net_export,-12392.128761113498,ime,2021 week 6
5,6,net_export,-13110.502809685679,ime,2021 week 6
6,7,net_export,-13402.967860806217,ime,2021 week 6
7,8,net_export,-13402.967860806217,ime,2021 week 6
8,9,net_export,-13435.029316694217,ime,2021 week 6
9,10,net_export,-13326.10019369638,ime,2021 week 6
10,11,net_export,-13557.653267675341,ime,2021 week 6
11,12,net_export,-12786.828119146334,ime,2021 week 6
12,13,net_export,-12786.828119146334,ime,2021 week 6
13,14,net_export,-13100.191191740334,ime,2021 week 6
14,15,net_export,-13152.64229169716,ime,2021 week 6
15,16,net_export,-11651.508387652839,ime,2021 week 6
16,17,net_export,-11284.694672709527,ime,2021 week 6
17,18,net_export,-11416.733036945163,ime,2021 week 6
18,19,net_export,-11416.733036945163,ime,2021 week 6
19,20,net_export,-11416.733036945163,ime,2021 week 6
20,21,net_export,-11416.733036945163,ime,2021 week 6
21,22,net_export,-11200.735253734605,ime,2021 week 6
22,23,net_export,-10812.308921012971,ime,2021 week 6
23,24,net_export,-10705.057697968165,ime,2021 week 6
24,25,net_export,-10436.264003513548,ime,2021 week 6
25,26,net_export,-10723.75852363876,ime,2021 week 6
26,27,net_export,-10723.75852363876,ime,2021 week 6
27,28,net_export,-10723.75852363876,ime,2021 week 6
28,29,net_export,-10723.75852363876,ime,2021 week 6
29,30,net_export,-11029.679586389728,ime,2021 week 6
30,31,net_export,-11271.97693446542,ime,2021 week 6
31,32,net_export,-11271.97693446542,ime,2021 week 6
32,33,net_export,-11298.77361753542,ime,2021 week 6
33,34,net_export,-11209.777161610877,ime,2021 week 6
34,35,net_export,-11411.275431852198,ime,2021 week 6
35,36,net_export,-10774.109174649111,ime,2021 week 6
36,37,net_export,-10774.109174649111,ime,2021 week 6
37,38,net_export,-11034.56530266011,ime,2021 week 6
38,39,net_export,-11078.315976987018,ime,2021 week 6
39,40,net_export,-11182.980478540878,ime,2021 week 6
40,41,net_export,-11350.973825715526,ime,2021 week 6
41,42,net_export,-11483.720955966975,ime,2021 week 6
42,43,net_export,-11483.720955966975,ime,2021 week 6
43,44,net_export,-11483.720955966975,ime,2021 week 6
44,45,net_export,-11483.720955966975,ime,2021 week 6
45,46,net_export,-11271.97693446542,ime,2021 week 6
46,47,net_export,-10878.77367620297,ime,2021 week 6
47,48,net_export,-10769.223458378729,ime,2021 week 6
48,49,net_export,-10469.481386383324,ime,2021 week 6
49,50,net_export,-10469.481386383324,ime,2021 week 6
50,51,net_export,-10469.481386383324,ime,2021 week 6
51,52,net_export,-10469.481386383324,ime,2021 week 6
52,53,net_export,-10469.481386383324,ime,2021 week 6
53,54,net_export,-11051.508632326399,ime,2021 week 6
54,55,net_export,-11292.33967324454,ime,2021 week 6
55,56,net_export,-11292.33967324454,ime,2021 week 6
56,57,net_export,-11317.29587715854,ime,2021 week 6
57,58,net_export,-11226.62412704324,ime,2021 week 6
58,59,net_export,-11404.006827827554,ime,2021 week 6
59,60,net_export,-11086.042099396918,ime,2021 week 6
60,61,net_export,-11086.042099396918,ime,2021 week 6
61,62,net_export,-11333.23499970492,ime,2021 week 6
62,63,net_export,-11069.172482192478,ime,2021 week 6
63,64,net_export,-11201.66792312924,ime,2021 week 6
64,65,net_export,-11351.436995861884,ime,2021 week 6
65,66,net_export,-11485.021557341539,ime,2021 week 6
66,67,net_export,-11485.021557341539,ime,2021 week 6
67,68,net_export,-11485.021557341539,ime,2021 week 6
68,69,net_export,-11485.021557341539,ime,2021 week 6
69,70,net_export,-11292.33967324454,ime,2021 week 6
70,71,net_export,-10911.562211456883,ime,2021 week 6
71,72,net_export,-11088.808960820228,ime,2021 week 6
72,73,net_export,-11849.42308792741,ime,2021 week 6
73,74,net_export,-11849.42308792741,ime,2021 week 6
74,75,net_export,-11849.42308792741,ime,2021 week 6
75,76,net_export,-11849.42308792741,ime,2021 week 6
76,77,net_export,-12117.306505196973,ime,2021 week 6
77,78,net_export,-13204.125472751713,ime,2021 week 6
78,79,net_export,-13499.248559822978,ime,2021 week 6
79,80,net_export,-13499.248559822978,ime,2021 week 6
80,81,net_export,-13528.257126222978,ime,2021 week 6
81,82,net_export,-13413.665506789752,ime,2021 week 6
82,83,net_export,-13591.561438075523,ime,2021 week 6
83,84,net_export,-12832.653726675386,ime,2021 week 6
84,85,net_export,-12805.187275040415,ime,2021 week 6
85,86,net_export,-11435.625552408093,ime,2021 week 6
86,87,net_export,-11025.99901771425,ime,2021 week 6
87,88,net_export,-11180.06236248093,ime,2021 week 6
88,89,net_export,-11318.431293716625,ime,2021 week 6
89,90,net_export,-11454.44701106628,ime,2021 week 6
90,91,net_export,-11454.44701106628,ime,2021 week 6
91,92,net_export,-11454.44701106628,ime,2021 week 6
92,93,net_export,-11454.44701106628,ime,2021 week 6
93,94,net_export,-11273.819142017204,ime,2021 week 6
94,95,net_export,-10899.415263689549,ime,2021 week 6
95,96,net_export,-10805.839345404616,ime,2021 week 6
96,97,net_export,-12389.355757924566,ime,2021 week 6
97,98,net_export,-12474.484341269166,ime,2021 week 6
98,99,net_export,-12474.484341269166,ime,2021 week 6
99,100,net_export,-12474.484341269166,ime,2021 week 6
100,101,net_export,-12474.484341269166,ime,2021 week 6
101,102,net_export,-13174.389988377141,ime,2021 week 6
102,103,net_export,-13469.344450201548,ime,2021 week 6
103,104,net_export,-13469.344450201548,ime,2021 week 6
104,105,net_export,-11270.881340014474,ime,2021 week 6
105,106,net_export,-11175.329496986667,ime,2021 week 6
106,107,net_export,-11348.711679122172,ime,2021 week 6
107,108,net_export,-10734.318204867019,ime,2021 week 6
108,109,net_export,-10734.318204867019,ime,2021 week 6
109,110,net_export,-10963.82620583102,ime,2021 week 6
110,111,net_export,-11005.56960517965,ime,2021 week 6
111,112,net_export,-11152.827414215668,ime,2021 week 6
112,113,net_export,-11296.068113479076,ime,2021 week 6
113,114,net_export,-11433.363355855512,ime,2021 week 6
114,115,net_export,-11433.363355855512,ime,2021 week 6
115,116,net_export,-11433.363355855512,ime,2021 week 6
116,117,net_export,-11433.363355855512,ime,2021 week 6
117,118,net_export,-11248.379257243474,ime,2021 week 6
118,119,net_export,-10881.576013903039,ime,2021 week 6
119,120,net_export,-10777.544878423141,ime,2021 week 6
120,121,net_export,-10445.678550470026,ime,2021 week 6
121,122,net_export,-10445.678550470026,ime,2021 week 6
122,123,net_export,-10475.92336526782,ime,2021 week 6
123,124,net_export,-10725.606053406716,ime,2021 week 6
124,125,net_export,-10725.606053406716,ime,2021 week 6
125,126,net_export,-11220.642607589292,ime,2021 week 6
126,127,net_export,-11259.655003232883,ime,2021 week 6
127,128,net_export,-11259.655003232883,ime,2021 week 6
128,129,net_export,-11282.157086003883,ime,2021 week 6
129,130,net_export,-11186.605242976077,ime,2021 week 6
130,131,net_export,-11370.577180021723,ime,2021 week 6
131,132,net_export,-10756.183705766569,ime,2021 week 6
132,133,net_export,-10756.183705766569,ime,2021 week 6
133,134,net_export,-10985.69170673057,ime,2021 week 6
134,135,net_export,-11027.4351060792,ime,2021 week 6
135,136,net_export,-11164.103160205077,ime,2021 week 6
136,137,net_export,-11314.028249667477,ime,2021 week 6
137,138,net_export,-11451.323492043914,ime,2021 week 6
138,139,net_export,-11745.409106741874,ime,2021 week 6
139,140,net_export,-11451.323492043914,ime,2021 week 6
140,141,net_export,-11451.323492043914,ime,2021 week 6
141,142,net_export,-11259.655003232883,ime,2021 week 6
142,143,net_export,-10892.851759892448,ime,2021 week 6
143,144,net_export,-10788.82062441255,ime,2021 week 6
144,145,net_export,-10231.832080575881,ime,2021 week 6
145,146,net_export,-10231.832080575881,ime,2021 week 6
146,147,net_export,-10511.875222015564,ime,2021 week 6
147,148,net_export,-11816.23811897802,ime,2021 week 6
148,149,net_export,-11917.79568728157,ime,2021 week 6
149,150,net_export,-12900.641685511226,ime,2021 week 6
150,151,net_export,-13179.82900826748,ime,2021 week 6
151,152,net_export,-12689.806736108654,ime,2021 week 6
152,153,net_export,-11034.486355144563,ime,2021 week 6
153,154,net_export,-10943.796372909814,ime,2021 week 6
154,155,net_export,-11126.963781410732,ime,2021 week 6
155,156,net_export,-10534.999656575403,ime,2021 week 6
156,157,net_export,-10534.999656575403,ime,2021 week 6
157,158,net_export,-10759.907085176403,ime,2021 week 6
158,159,net_export,-10799.506614576077,ime,2021 week 6
159,160,net_export,-10921.932685122812,ime,2021 week 6
160,161,net_export,-11070.308588668307,ime,2021 week 6
161,162,net_export,-11494.698154359885,ime,2021 week 6
162,163,net_export,-11729.091273484333,ime,2021 week 6
163,164,net_export,-11494.698154359885,ime,2021 week 6
164,165,net_export,-11614.102902836148,ime,2021 week 6
165,166,net_export,-12144.609023840323,ime,2021 week 6
166,167,net_export,-12204.34794640448,ime,2021 week 6
167,168,net_export,-11751.48105770607,ime,2021 week 6
168,1,charge,-1e-10,ime,2021 week 6
169,2,charge,-861.0526315789474,ime,2021 week 6
170,3,charge,-861.0526315789474,ime,2021 week 6
171,4,charge,-861.0526315789474,ime,2021 week 6
172,5,charge,-861.0526315789474,ime,2021 week 6
173,6,charge,-407.9088005278807,ime,2021 week 6
174,7,charge,-45.23503052318563,ime,2021 week 6
175,8,charge,-1e-10,ime,2021 week 6
176,9,charge,-1e-10,ime,2021 week 6
177,10,charge,-1e-10,ime,2021 week 6
178,11,charge,-1e-10,ime,2021 week 6
179,12,charge,-1e-10,ime,2021 week 6
180,13,charge,-1e-10,ime,2021 week 6
181,14,charge,-1e-10,ime,2021 week 6
182,15,charge,-1e-10,ime,2021 week 6
183,16,charge,-1e-10,ime,2021 week 6
184,17,charge,-1e-10,ime,2021 week 6
185,18,charge,-1e-10,ime,2021 week 6
186,19,charge,-1e-10,ime,2021 week 6
187,20,charge,-1e-10,ime,2021 week 6
188,21,charge,-1e-10,ime,2021 week 6
189,22,charge,-1e-10,ime,2021 week 6
190,23,charge,-1e-10,ime,2021 week 6
191,24,charge,-1e-10,ime,2021 week 6
192,25,charge,-1e-10,ime,2021 week 6
193,26,charge,-1e-10,ime,2021 week 6
194,27,charge,-528.4785950065701,ime,2021 week 6
195,28,charge,-549.3972942233024,ime,2021 week 6
196,29,charge,-209.1334308855902,ime,2021 week 6
197,30,charge,-1e-10,ime,2021 week 6
198,31,charge,-1e-10,ime,2021 week 6
199,32,charge,-1e-10,ime,2021 week 6
200,33,charge,-1e-10,ime,2021 week 6
201,34,charge,-1e-10,ime,2021 week 6
202,35,charge,-1e-10,ime,2021 week 6
203,36,charge,-1e-10,ime,2021 week 6
204,37,charge,-1e-10,ime,2021 week 6
205,38,charge,-1e-10,ime,2021 week 6
206,39,charge,-1e-10,ime,2021 week 6
207,40,charge,-1e-10,ime,2021 week 6
208,41,charge,-1e-10,ime,2021 week 6
209,42,charge,-1e-10,ime,2021 week 6
210,43,charge,-1e-10,ime,2021 week 6
211,44,charge,-1e-10,ime,2021 week 6
212,45,charge,-1e-10,ime,2021 week 6
213,46,charge,-1e-10,ime,2021 week 6
214,47,charge,-1e-10,ime,2021 week 6
215,48,charge,-1e-10,ime,2021 week 6
216,49,charge,-1e-10,ime,2021 week 6
217,50,charge,-1e-10,ime,2021 week 6
218,51,charge,-1e-10,ime,2021 week 6
219,52,charge,-1e-10,ime,2021 week 6
220,53,charge,-1e-10,ime,2021 week 6
221,54,charge,-1e-10,ime,2021 week 6
222,55,charge,-1e-10,ime,2021 week 6
223,56,charge,-1e-10,ime,2021 week 6
224,57,charge,-1e-10,ime,2021 week 6
225,58,charge,-1e-10,ime,2021 week 6
226,59,charge,-1e-10,ime,2021 week 6
227,60,charge,-396.4149474716834,ime,2021 week 6
228,61,charge,-321.39391829954184,ime,2021 week 6
229,62,charge,-17.345288601775337,ime,2021 week 6
230,63,charge,-1e-10,ime,2021 week 6
231,64,charge,-1e-10,ime,2021 week 6
232,65,charge,-1e-10,ime,2021 week 6
233,66,charge,-1e-10,ime,2021 week 6
234,67,charge,-1e-10,ime,2021 week 6
235,68,charge,-1e-10,ime,2021 week 6
236,69,charge,-1e-10,ime,2021 week 6
237,70,charge,-1e-10,ime,2021 week 6
238,71,charge,-1e-10,ime,2021 week 6
239,72,charge,-1e-10,ime,2021 week 6
240,73,charge,-1e-10,ime,2021 week 6
241,74,charge,-624.3013133225544,ime,2021 week 6
242,75,charge,-728.2652712727821,ime,2021 week 6
243,76,charge,-861.0526315789474,ime,2021 week 6
244,77,charge,-861.0526315789474,ime,2021 week 6
245,78,charge,-1e-10,ime,2021 week 6
246,79,charge,-1e-10,ime,2021 week 6
247,80,charge,-1e-10,ime,2021 week 6
248,81,charge,-1e-10,ime,2021 week 6
249,82,charge,-369.5386785625585,ime,2021 week 6
250,83,charge,-1e-10,ime,2021 week 6
251,84,charge,-1e-10,ime,2021 week 6
252,85,charge,-1e-10,ime,2021 week 6
253,86,charge,-1e-10,ime,2021 week 6
254,87,charge,-1e-10,ime,2021 week 6
255,88,charge,-1e-10,ime,2021 week 6
256,89,charge,-1e-10,ime,2021 week 6
257,90,charge,-1e-10,ime,2021 week 6
258,91,charge,-1e-10,ime,2021 week 6
259,92,charge,-1e-10,ime,2021 week 6
260,93,charge,-1e-10,ime,2021 week 6
261,94,charge,-1e-10,ime,2021 week 6
262,95,charge,-1e-10,ime,2021 week 6
263,96,charge,-1e-10,ime,2021 week 6
264,97,charge,-1e-10,ime,2021 week 6
265,98,charge,-145.68731172806724,ime,2021 week 6
266,99,charge,-197.92167969543948,ime,2021 week 6
267,100,charge,-861.0526315789474,ime,2021 week 6
268,101,charge,-861.0526315789474,ime,2021 week 6
269,102,charge,-861.0526315789474,ime,2021 week 6
270,103,charge,-517.4436401554409,ime,2021 week 6
271,104,charge,-1e-10,ime,2021 week 6
272,105,charge,-1e-10,ime,2021 week 6
273,106,charge,-1e-10,ime,2021 week 6
274,107,charge,-1e-10,ime,2021 week 6
275,108,charge,-1e-10,ime,2021 week 6
276,109,charge,-1e-10,ime,2021 week 6
277,110,charge,-1e-10,ime,2021 week 6
278,111,charge,-1e-10,ime,2021 week 6
279,112,charge,-1e-10,ime,2021 week 6
280,113,charge,-1e-10,ime,2021 week 6
281,114,charge,-1e-10,ime,2021 week 6
282,115,charge,-1e-10,ime,2021 week 6
283,116,charge,-1e-10,ime,2021 week 6
284,117,charge,-1e-10,ime,2021 week 6
285,118,charge,-1e-10,ime,2021 week 6
286,119,charge,-1e-10,ime,2021 week 6
287,120,charge,-1e-10,ime,2021 week 6
288,121,charge,-1e-10,ime,2021 week 6
289,122,charge,-1e-10,ime,2021 week 6
290,123,charge,-1e-10,ime,2021 week 6
291,124,charge,-181.1476036868318,ime,2021 week 6
292,125,charge,-577.3013629509578,ime,2021 week 6
293,126,charge,-1e-10,ime,2021 week 6
294,127,charge,-1e-10,ime,2021 week 6
295,128,charge,-1e-10,ime,2021 week 6
296,129,charge,-1e-10,ime,2021 week 6
297,130,charge,-1e-10,ime,2021 week 6
298,131,charge,-1e-10,ime,2021 week 6
299,132,charge,-1e-10,ime,2021 week 6
300,133,charge,-1e-10,ime,2021 week 6
301,134,charge,-1e-10,ime,2021 week 6
302,135,charge,-1e-10,ime,2021 week 6
303,136,charge,-1e-10,ime,2021 week 6
304,137,charge,-1e-10,ime,2021 week 6
305,138,charge,-1e-10,ime,2021 week 6
306,139,charge,-188.72262045669237,ime,2021 week 6
307,140,charge,-1e-10,ime,2021 week 6
308,141,charge,-1e-10,ime,2021 week 6
309,142,charge,-1e-10,ime,2021 week 6
310,143,charge,-1e-10,ime,2021 week 6
311,144,charge,-1e-10,ime,2021 week 6
312,145,charge,-1e-10,ime,2021 week 6
313,146,charge,-1e-10,ime,2021 week 6
314,147,charge,-1e-10,ime,2021 week 6
315,148,charge,-505.2932800056692,ime,2021 week 6
316,149,charge,-861.0526315789474,ime,2021 week 6
317,150,charge,-815.1224254776148,ime,2021 week 6
318,151,charge,-621.7956306913618,ime,2021 week 6
319,152,charge,-1e-10,ime,2021 week 6
320,153,charge,-1e-10,ime,2021 week 6
321,154,charge,-1e-10,ime,2021 week 6
322,155,charge,-1e-10,ime,2021 week 6
323,156,charge,-1e-10,ime,2021 week 6
324,157,charge,-1e-10,ime,2021 week 6
325,158,charge,-1e-10,ime,2021 week 6
326,159,charge,-1e-10,ime,2021 week 6
327,160,charge,-1e-10,ime,2021 week 6
328,161,charge,-1e-10,ime,2021 week 6
329,162,charge,-1e-10,ime,2021 week 6
330,163,charge,-1e-10,ime,2021 week 6
331,164,charge,-1e-10,ime,2021 week 6
332,165,charge,-1e-10,ime,2021 week 6
333,166,charge,-1e-10,ime,2021 week 6
334,167,charge,-1e-10,ime,2021 week 6
335,168,charge,-1e-10,ime,2021 week 6
336,1,nuclear,0.0,ime,2021 week 6
337,2,nuclear,0.0,ime,2021 week 6
338,3,nuclear,0.0,ime,2021 week 6
339,4,nuclear,0.0,ime,2021 week 6
340,5,nuclear,0.0,ime,2021 week 6
341,6,nuclear,0.0,ime,2021 week 6
342,7,nuclear,0.0,ime,2021 week 6
343,8,nuclear,0.0,ime,2021 week 6
344,9,nuclear,0.0,ime,2021 week 6
345,10,nuclear,0.0,ime,2021 week 6
346,11,nuclear,0.0,ime,2021 week 6
347,12,nuclear,0.0,ime,2021 week 6
348,13,nuclear,0.0,ime,2021 week 6
349,14,nuclear,0.0,ime,2021 week 6
350,15,nuclear,0.0,ime,2021 week 6
351,16,nuclear,0.0,ime,2021 week 6
352,17,nuclear,0.0,ime,2021 week 6
353,18,nuclear,0.0,ime,2021 week 6
354,19,nuclear,0.0,ime,2021 week 6
355,20,nuclear,0.0,ime,2021 week 6
356,21,nuclear,0.0,ime,2021 week 6
357,22,nuclear,0.0,ime,2021 week 6
358,23,nuclear,0.0,ime,2021 week 6
359,24,nuclear,0.0,ime,2021 week 6
360,25,nuclear,0.0,ime,2021 week 6
361,26,nuclear,0.0,ime,2021 week 6
362,27,nuclear,0.0,ime,2021 week 6
363,28,nuclear,0.0,ime,2021 week 6
364,29,nuclear,0.0,ime,2021 week 6
365,30,nuclear,0.0,ime,2021 week 6
366,31,nuclear,0.0,ime,2021 week 6
367,32,nuclear,0.0,ime,2021 week 6
368,33,nuclear,0.0,ime,2021 week 6
369,34,nuclear,0.0,ime,2021 week 6
370,35,nuclear,0.0,ime,2021 week 6
371,36,nuclear,0.0,ime,2021 week 6
372,37,nuclear,0.0,ime,2021 week 6
373,38,nuclear,0.0,ime,2021 week 6
374,39,nuclear,0.0,ime,2021 week 6
375,40,nuclear,0.0,ime,2021 week 6
376,41,nuclear,0.0,ime,2021 week 6
377,42,nuclear,0.0,ime,2021 week 6
378,43,nuclear,0.0,ime,2021 week 6
379,44,nuclear,0.0,ime,2021 week 6
380,45,nuclear,0.0,ime,2021 week 6
381,46,nuclear,0.0,ime,2021 week 6
382,47,nuclear,0.0,ime,2021 week 6
383,48,nuclear,0.0,ime,2021 week 6
384,49,nuclear,0.0,ime,2021 week 6
385,50,nuclear,0.0,ime,2021 week 6
386,51,nuclear,0.0,ime,2021 week 6
387,52,nuclear,0.0,ime,2021 week 6
388,53,nuclear,0.0,ime,2021 week 6
389,54,nuclear,0.0,ime,2021 week 6
390,55,nuclear,0.0,ime,2021 week 6
391,56,nuclear,0.0,ime,2021 week 6
392,57,nuclear,0.0,ime,2021 week 6
393,58,nuclear,0.0,ime,2021 week 6
394,59,nuclear,0.0,ime,2021 week 6
395,60,nuclear,0.0,ime,2021 week 6
396,61,nuclear,0.0,ime,2021 week 6
397,62,nuclear,0.0,ime,2021 week 6
398,63,nuclear,0.0,ime,2021 week 6
399,64,nuclear,0.0,ime,2021 week 6
400,65,nuclear,0.0,ime,2021 week 6
401,66,nuclear,0.0,ime,2021 week 6
402,67,nuclear,0.0,ime,2021 week 6
403,68,nuclear,0.0,ime,2021 week 6
404,69,nuclear,0.0,ime,2021 week 6
405,70,nuclear,0.0,ime,2021 week 6
406,71,nuclear,0.0,ime,2021 week 6
407,72,nuclear,0.0,ime,2021 week 6
408,73,nuclear,0.0,ime,2021 week 6
409,74,nuclear,0.0,ime,2021 week 6
410,75,nuclear,0.0,ime,2021 week 6
411,76,nuclear,0.0,ime,2021 week 6
412,77,nuclear,0.0,ime,2021 week 6
413,78,nuclear,0.0,ime,2021 week 6
414,79,nuclear,0.0,ime,2021 week 6
415,80,nuclear,0.0,ime,2021 week 6
416,81,nuclear,0.0,ime,2021 week 6
417,82,nuclear,0.0,ime,2021 week 6
418,83,nuclear,0.0,ime,2021 week 6
419,84,nuclear,0.0,ime,2021 week 6
420,85,nuclear,0.0,ime,2021 week 6
421,86,nuclear,0.0,ime,2021 week 6
422,87,nuclear,0.0,ime,2021 week 6
423,88,nuclear,0.0,ime,2021 week 6
424,89,nuclear,0.0,ime,2021 week 6
425,90,nuclear,0.0,ime,2021 week 6
426,91,nuclear,0.0,ime,2021 week 6
427,92,nuclear,0.0,ime,2021 week 6
428,93,nuclear,0.0,ime,2021 week 6
429,94,nuclear,0.0,ime,2021 week 6
430,95,nuclear,0.0,ime,2021 week 6
431,96,nuclear,0.0,ime,2021 week 6
432,97,nuclear,0.0,ime,2021 week 6
433,98,nuclear,0.0,ime,2021 week 6
434,99,nuclear,0.0,ime,2021 week 6
435,100,nuclear,0.0,ime,2021 week 6
436,101,nuclear,0.0,ime,2021 week 6
437,102,nuclear,0.0,ime,2021 week 6
438,103,nuclear,0.0,ime,2021 week 6
439,104,nuclear,0.0,ime,2021 week 6
440,105,nuclear,0.0,ime,2021 week 6
441,106,nuclear,0.0,ime,2021 week 6
442,107,nuclear,0.0,ime,2021 week 6
443,108,nuclear,0.0,ime,2021 week 6
444,109,nuclear,0.0,ime,2021 week 6
445,110,nuclear,0.0,ime,2021 week 6
446,111,nuclear,0.0,ime,2021 week 6
447,112,nuclear,0.0,ime,2021 week 6
448,113,nuclear,0.0,ime,2021 week 6
449,114,nuclear,0.0,ime,2021 week 6
450,115,nuclear,0.0,ime,2021 week 6
451,116,nuclear,0.0,ime,2021 week 6
452,117,nuclear,0.0,ime,2021 week 6
453,118,nuclear,0.0,ime,2021 week 6
454,119,nuclear,0.0,ime,2021 week 6
455,120,nuclear,0.0,ime,2021 week 6
456,121,nuclear,0.0,ime,2021 week 6
457,122,nuclear,0.0,ime,2021 week 6
458,123,nuclear,0.0,ime,2021 week 6
459,124,nuclear,0.0,ime,2021 week 6
460,125,nuclear,0.0,ime,2021 week 6
461,126,nuclear,0.0,ime,2021 week 6
462,127,nuclear,0.0,ime,2021 week 6
463,128,nuclear,0.0,ime,2021 week 6
464,129,nuclear,0.0,ime,2021 week 6
465,130,nuclear,0.0,ime,2021 week 6
466,131,nuclear,0.0,ime,2021 week 6
467,132,nuclear,0.0,ime,2021 week 6
468,133,nuclear,0.0,ime,2021 week 6
469,134,nuclear,0.0,ime,2021 week 6
470,135,nuclear,0.0,ime,2021 week 6
471,136,nuclear,0.0,ime,2021 week 6
472,137,nuclear,0.0,ime,2021 week 6
473,138,nuclear,0.0,ime,2021 week 6
474,139,nuclear,0.0,ime,2021 week 6
475,140,nuclear,0.0,ime,2021 week 6
476,141,nuclear,0.0,ime,2021 week 6
477,142,nuclear,0.0,ime,2021 week 6
478,143,nuclear,0.0,ime,2021 week 6
479,144,nuclear,0.0,ime,2021 week 6
480,145,nuclear,0.0,ime,2021 week 6
481,146,nuclear,0.0,ime,2021 week 6
482,147,nuclear,0.0,ime,2021 week 6
483,148,nuclear,0.0,ime,2021 week 6
484,149,nuclear,0.0,ime,2021 week 6
485,150,nuclear,0.0,ime,2021 week 6
486,151,nuclear,0.0,ime,2021 week 6
487,152,nuclear,0.0,ime,2021 week 6
488,153,nuclear,0.0,ime,2021 week 6
489,154,nuclear,0.0,ime,2021 week 6
490,155,nuclear,0.0,ime,2021 week 6
491,156,nuclear,0.0,ime,2021 week 6
492,157,nuclear,0.0,ime,2021 week 6
493,158,nuclear,0.0,ime,2021 week 6
494,159,nuclear,0.0,ime,2021 week 6
495,160,nuclear,0.0,ime,2021 week 6
496,161,nuclear,0.0,ime,2021 week 6
497,162,nuclear,0.0,ime,2021 week 6
498,163,nuclear,0.0,ime,2021 week 6
499,164,nuclear,0.0,ime,2021 week 6
500,165,nuclear,0.0,ime,2021 week 6
501,166,nuclear,0.0,ime,2021 week 6
502,167,nuclear,0.0,ime,2021 week 6
503,168,nuclear,0.0,ime,2021 week 6
504,1,coal,10515.991317196813,ime,2021 week 6
505,2,coal,6433.025,ime,2021 week 6
506,3,coal,6433.025,ime,2021 week 6
507,4,coal,6433.025,ime,2021 week 6
508,5,coal,6433.025,ime,2021 week 6
509,6,coal,6433.025,ime,2021 week 6
510,7,coal,6433.025,ime,2021 week 6
511,8,coal,7432.665004953628,ime,2021 week 6
512,9,coal,6853.775,ime,2021 week 6
513,10,coal,7737.716468666816,ime,2021 week 6
514,11,coal,10205.961915400738,ime,2021 week 6
515,12,coal,10210.164843510738,ime,2021 week 6
516,13,coal,11038.150316510735,ime,2021 week 6
517,14,coal,11893.218912111472,ime,2021 week 6
518,15,coal,13266.075,ime,2021 week 6
519,16,coal,13699.578742999998,ime,2021 week 6
520,17,coal,14337.0,ime,2021 week 6
521,18,coal,14337.0,ime,2021 week 6
522,19,coal,14337.0,ime,2021 week 6
523,20,coal,14337.0,ime,2021 week 6
524,21,coal,14337.0,ime,2021 week 6
525,22,coal,14337.0,ime,2021 week 6
526,23,coal,14337.0,ime,2021 week 6
527,24,coal,14337.0,ime,2021 week 6
528,25,coal,14337.0,ime,2021 week 6
529,26,coal,14194.608797740166,ime,2021 week 6
530,27,coal,13684.127392746735,ime,2021 week 6
531,28,coal,13566.1488632233,ime,2021 week 6
532,29,coal,14064.032228625754,ime,2021 week 6
533,30,coal,14337.0,ime,2021 week 6
534,31,coal,14337.0,ime,2021 week 6
535,32,coal,14337.0,ime,2021 week 6
536,33,coal,14337.0,ime,2021 week 6
537,34,coal,14337.0,ime,2021 week 6
538,35,coal,14337.0,ime,2021 week 6
539,36,coal,14337.0,ime,2021 week 6
540,37,coal,14337.0,ime,2021 week 6
541,38,coal,14337.0,ime,2021 week 6
542,39,coal,14337.0,ime,2021 week 6
543,40,coal,14337.0,ime,2021 week 6
544,41,coal,14337.0,ime,2021 week 6
545,42,coal,14337.0,ime,2021 week 6
546,43,coal,14337.0,ime,2021 week 6
547,44,coal,14337.0,ime,2021 week 6
548,45,coal,14337.0,ime,2021 week 6
549,46,coal,14337.0,ime,2021 week 6
550,47,coal,14337.0,ime,2021 week 6
551,48,coal,14337.0,ime,2021 week 6
552,49,coal,14337.0,ime,2021 week 6
553,50,coal,14337.0,ime,2021 week 6
554,51,coal,14337.0,ime,2021 week 6
555,52,coal,14337.0,ime,2021 week 6
556,53,coal,14337.0,ime,2021 week 6
557,54,coal,14337.0,ime,2021 week 6
558,55,coal,14337.0,ime,2021 week 6
559,56,coal,14337.0,ime,2021 week 6
560,57,coal,14337.0,ime,2021 week 6
561,58,coal,14337.0,ime,2021 week 6
562,59,coal,14337.0,ime,2021 week 6
563,60,coal,13231.644105906806,ime,2021 week 6
564,61,coal,13419.509776734663,ime,2021 week 6
565,62,coal,13775.892167036898,ime,2021 week 6
566,63,coal,14337.0,ime,2021 week 6
567,64,coal,14337.0,ime,2021 week 6
568,65,coal,14337.0,ime,2021 week 6
569,66,coal,14337.0,ime,2021 week 6
570,67,coal,14337.0,ime,2021 week 6
571,68,coal,14337.0,ime,2021 week 6
572,69,coal,14337.0,ime,2021 week 6
573,70,coal,14337.0,ime,2021 week 6
574,71,coal,14337.0,ime,2021 week 6
575,72,coal,12993.01628,ime,2021 week 6
576,73,coal,9714.116451677442,ime,2021 week 6
577,74,coal,7853.525,ime,2021 week 6
578,75,coal,6878.568957950227,ime,2021 week 6
579,76,coal,6911.456318256391,ime,2021 week 6
580,77,coal,7680.497413260231,ime,2021 week 6
581,78,coal,9308.900318977445,ime,2021 week 6
582,79,coal,10504.717214737446,ime,2021 week 6
583,80,coal,10593.972514737445,ime,2021 week 6
584,81,coal,8841.527687737442,ime,2021 week 6
585,82,coal,7853.525,ime,2021 week 6
586,83,coal,9676.811425808984,ime,2021 week 6
587,84,coal,10706.343252508985,ime,2021 week 6
588,85,coal,12847.648709918129,ime,2021 week 6
589,86,coal,13794.073945,ime,2021 week 6
590,87,coal,14337.0,ime,2021 week 6
591,88,coal,14337.0,ime,2021 week 6
592,89,coal,14337.0,ime,2021 week 6
593,90,coal,14337.0,ime,2021 week 6
594,91,coal,14337.0,ime,2021 week 6
595,92,coal,14337.0,ime,2021 week 6
596,93,coal,14337.0,ime,2021 week 6
597,94,coal,14337.0,ime,2021 week 6
598,95,coal,14337.0,ime,2021 week 6
599,96,coal,14337.0,ime,2021 week 6
600,97,coal,12872.09391,ime,2021 week 6
601,98,coal,10793.078267032626,ime,2021 week 6
602,99,coal,9088.65,ime,2021 week 6
603,100,coal,8371.583586883506,ime,2021 week 6
604,101,coal,7352.603586883506,ime,2021 week 6
605,102,coal,8351.680740383505,ime,2021 week 6
606,103,coal,8743.65,ime,2021 week 6
607,104,coal,11950.03755984456,ime,2021 week 6
608,105,coal,14337.0,ime,2021 week 6
609,106,coal,14337.0,ime,2021 week 6
610,107,coal,14337.0,ime,2021 week 6
611,108,coal,14337.0,ime,2021 week 6
612,109,coal,14337.0,ime,2021 week 6
613,110,coal,14337.0,ime,2021 week 6
614,111,coal,14337.0,ime,2021 week 6
615,112,coal,14337.0,ime,2021 week 6
616,113,coal,14337.0,ime,2021 week 6
617,114,coal,14337.0,ime,2021 week 6
618,115,coal,14337.0,ime,2021 week 6
619,116,coal,14337.0,ime,2021 week 6
620,117,coal,14337.0,ime,2021 week 6
621,118,coal,14337.0,ime,2021 week 6
622,119,coal,14337.0,ime,2021 week 6
623,120,coal,14337.0,ime,2021 week 6
624,121,coal,14337.0,ime,2021 week 6
625,122,coal,14337.0,ime,2021 week 6
626,123,coal,14337.0,ime,2021 week 6
627,124,coal,14002.677010672633,ime,2021 week 6
628,125,coal,13639.59076993676,ime,2021 week 6
629,126,coal,14337.0,ime,2021 week 6
630,127,coal,14337.0,ime,2021 week 6
631,128,coal,14337.0,ime,2021 week 6
632,129,coal,14337.0,ime,2021 week 6
633,130,coal,14337.0,ime,2021 week 6
634,131,coal,14337.0,ime,2021 week 6
635,132,coal,14337.0,ime,2021 week 6
636,133,coal,14337.0,ime,2021 week 6
637,134,coal,14337.0,ime,2021 week 6
638,135,coal,14337.0,ime,2021 week 6
639,136,coal,14337.0,ime,2021 week 6
640,137,coal,14337.0,ime,2021 week 6
641,138,coal,14337.0,ime,2021 week 6
642,139,coal,13595.870345037834,ime,2021 week 6
643,140,coal,14337.0,ime,2021 week 6
644,141,coal,14337.0,ime,2021 week 6
645,142,coal,14337.0,ime,2021 week 6
646,143,coal,14337.0,ime,2021 week 6
647,144,coal,14337.0,ime,2021 week 6
648,145,coal,14337.0,ime,2021 week 6
649,146,coal,14337.0,ime,2021 week 6
650,147,coal,13801.671966102382,ime,2021 week 6
651,148,coal,13021.7,ime,2021 week 6
652,149,coal,11042.085363852344,ime,2021 week 6
653,150,coal,11028.775,ime,2021 week 6
654,151,coal,11077.974589643747,ime,2021 week 6
655,152,coal,13775.251122999998,ime,2021 week 6
656,153,coal,14337.0,ime,2021 week 6
657,154,coal,14337.0,ime,2021 week 6
658,155,coal,14337.0,ime,2021 week 6
659,156,coal,14337.0,ime,2021 week 6
660,157,coal,14337.0,ime,2021 week 6
661,158,coal,14337.0,ime,2021 week 6
662,159,coal,14337.0,ime,2021 week 6
663,160,coal,14337.0,ime,2021 week 6
664,161,coal,14337.0,ime,2021 week 6
665,162,coal,13688.075365574312,ime,2021 week 6
666,163,coal,13799.786322574311,ime,2021 week 6
667,164,coal,14337.0,ime,2021 week 6
668,165,coal,13752.342132743126,ime,2021 week 6
669,166,coal,13834.847105999996,ime,2021 week 6
670,167,coal,13863.45,ime,2021 week 6
671,168,coal,13351.450225,ime,2021 week 6
672,1,gas,0.0,ime,2021 week 6
673,2,gas,0.0,ime,2021 week 6
674,3,gas,0.0,ime,2021 week 6
675,4,gas,0.0,ime,2021 week 6
676,5,gas,0.0,ime,2021 week 6
677,6,gas,0.0,ime,2021 week 6
678,7,gas,0.0,ime,2021 week 6
679,8,gas,0.0,ime,2021 week 6
680,9,gas,0.0,ime,2021 week 6
681,10,gas,0.0,ime,2021 week 6
682,11,gas,0.0,ime,2021 week 6
683,12,gas,0.0,ime,2021 week 6
684,13,gas,0.0,ime,2021 week 6
685,14,gas,0.0,ime,2021 week 6
686,15,gas,0.0,ime,2021 week 6
687,16,gas,0.0,ime,2021 week 6
688,17,gas,0.0,ime,2021 week 6
689,18,gas,0.0,ime,2021 week 6
690,19,gas,0.0,ime,2021 week 6
691,20,gas,0.0,ime,2021 week 6
692,21,gas,0.0,ime,2021 week 6
693,22,gas,0.0,ime,2021 week 6
694,23,gas,0.0,ime,2021 week 6
695,24,gas,0.0,ime,2021 week 6
696,25,gas,0.0,ime,2021 week 6
697,26,gas,0.0,ime,2021 week 6
698,27,gas,0.0,ime,2021 week 6
699,28,gas,0.0,ime,2021 week 6
700,29,gas,0.0,ime,2021 week 6
701,30,gas,0.0,ime,2021 week 6
702,31,gas,0.0,ime,2021 week 6
703,32,gas,0.0,ime,2021 week 6
704,33,gas,0.0,ime,2021 week 6
705,34,gas,0.0,ime,2021 week 6
706,35,gas,0.0,ime,2021 week 6
707,36,gas,0.0,ime,2021 week 6
708,37,gas,0.0,ime,2021 week 6
709,38,gas,0.0,ime,2021 week 6
710,39,gas,0.0,ime,2021 week 6
711,40,gas,0.0,ime,2021 week 6
712,41,gas,0.0,ime,2021 week 6
713,42,gas,0.0,ime,2021 week 6
714,43,gas,0.0,ime,2021 week 6
715,44,gas,0.0,ime,2021 week 6
716,45,gas,0.0,ime,2021 week 6
717,46,gas,0.0,ime,2021 week 6
718,47,gas,0.0,ime,2021 week 6
719,48,gas,0.0,ime,2021 week 6
720,49,gas,0.0,ime,2021 week 6
721,50,gas,0.0,ime,2021 week 6
722,51,gas,0.0,ime,2021 week 6
723,52,gas,0.0,ime,2021 week 6
724,53,gas,0.0,ime,2021 week 6
725,54,gas,0.0,ime,2021 week 6
726,55,gas,0.0,ime,2021 week 6
727,56,gas,0.0,ime,2021 week 6
728,57,gas,0.0,ime,2021 week 6
729,58,gas,0.0,ime,2021 week 6
730,59,gas,0.0,ime,2021 week 6
731,60,gas,0.0,ime,2021 week 6
732,61,gas,0.0,ime,2021 week 6
733,62,gas,0.0,ime,2021 week 6
734,63,gas,0.0,ime,2021 week 6
735,64,gas,0.0,ime,2021 week 6
736,65,gas,0.0,ime,2021 week 6
737,66,gas,0.0,ime,2021 week 6
738,67,gas,0.0,ime,2021 week 6
739,68,gas,0.0,ime,2021 week 6
740,69,gas,0.0,ime,2021 week 6
741,70,gas,0.0,ime,2021 week 6
742,71,gas,0.0,ime,2021 week 6
743,72,gas,0.0,ime,2021 week 6
744,73,gas,0.0,ime,2021 week 6
745,74,gas,0.0,ime,2021 week 6
746,75,gas,0.0,ime,2021 week 6
747,76,gas,0.0,ime,2021 week 6
748,77,gas,0.0,ime,2021 week 6
749,78,gas,0.0,ime,2021 week 6
750,79,gas,0.0,ime,2021 week 6
751,80,gas,0.0,ime,2021 week 6
752,81,gas,0.0,ime,2021 week 6
753,82,gas,0.0,ime,2021 week 6
754,83,gas,0.0,ime,2021 week 6
755,84,gas,0.0,ime,2021 week 6
756,85,gas,0.0,ime,2021 week 6
757,86,gas,0.0,ime,2021 week 6
758,87,gas,0.0,ime,2021 week 6
759,88,gas,0.0,ime,2021 week 6
760,89,gas,0.0,ime,2021 week 6
761,90,gas,0.0,ime,2021 week 6
762,91,gas,0.0,ime,2021 week 6
763,92,gas,0.0,ime,2021 week 6
764,93,gas,0.0,ime,2021 week 6
765,94,gas,0.0,ime,2021 week 6
766,95,gas,0.0,ime,2021 week 6
767,96,gas,0.0,ime,2021 week 6
768,97,gas,0.0,ime,2021 week 6
769,98,gas,0.0,ime,2021 week 6
770,99,gas,0.0,ime,2021 week 6
771,100,gas,0.0,ime,2021 week 6
772,101,gas,0.0,ime,2021 week 6
773,102,gas,0.0,ime,2021 week 6
774,103,gas,0.0,ime,2021 week 6
775,104,gas,0.0,ime,2021 week 6
776,105,gas,0.0,ime,2021 week 6
777,106,gas,0.0,ime,2021 week 6
778,107,gas,0.0,ime,2021 week 6
779,108,gas,0.0,ime,2021 week 6
780,109,gas,0.0,ime,2021 week 6
781,110,gas,0.0,ime,2021 week 6
782,111,gas,0.0,ime,2021 week 6
783,112,gas,0.0,ime,2021 week 6
784,113,gas,0.0,ime,2021 week 6
785,114,gas,0.0,ime,2021 week 6
786,115,gas,0.0,ime,2021 week 6
787,116,gas,0.0,ime,2021 week 6
788,117,gas,0.0,ime,2021 week 6
789,118,gas,0.0,ime,2021 week 6
790,119,gas,0.0,ime,2021 week 6
791,120,gas,0.0,ime,2021 week 6
792,121,gas,0.0,ime,2021 week 6
793,122,gas,0.0,ime,2021 week 6
794,123,gas,0.0,ime,2021 week 6
795,124,gas,0.0,ime,2021 week 6
796,125,gas,0.0,ime,2021 week 6
797,126,gas,0.0,ime,2021 week 6
798,127,gas,0.0,ime,2021 week 6
799,128,gas,0.0,ime,2021 week 6
800,129,gas,0.0,ime,2021 week 6
801,130,gas,0.0,ime,2021 week 6
802,131,gas,0.0,ime,2021 week 6
803,132,gas,0.0,ime,2021 week 6
804,133,gas,0.0,ime,2021 week 6
805,134,gas,0.0,ime,2021 week 6
806,135,gas,0.0,ime,2021 week 6
807,136,gas,0.0,ime,2021 week 6
808,137,gas,0.0,ime,2021 week 6
809,138,gas,0.0,ime,2021 week 6
810,139,gas,0.0,ime,2021 week 6
811,140,gas,0.0,ime,2021 week 6
812,141,gas,0.0,ime,2021 week 6
813,142,gas,0.0,ime,2021 week 6
814,143,gas,0.0,ime,2021 week 6
815,144,gas,0.0,ime,2021 week 6
816,145,gas,0.0,ime,2021 week 6
817,146,gas,0.0,ime,2021 week 6
818,147,gas,0.0,ime,2021 week 6
819,148,gas,0.0,ime,2021 week 6
820,149,gas,0.0,ime,2021 week 6
821,150,gas,0.0,ime,2021 week 6
822,151,gas,0.0,ime,2021 week 6
823,152,gas,0.0,ime,2021 week 6
824,153,gas,0.0,ime,2021 week 6
825,154,gas,0.0,ime,2021 week 6
826,155,gas,0.0,ime,2021 week 6
827,156,gas,0.0,ime,2021 week 6
828,157,gas,0.0,ime,2021 week 6
829,158,gas,0.0,ime,2021 week 6
830,159,gas,0.0,ime,2021 week 6
831,160,gas,0.0,ime,2021 week 6
832,161,gas,0.0,ime,2021 week 6
833,162,gas,0.0,ime,2021 week 6
834,163,gas,0.0,ime,2021 week 6
835,164,gas,0.0,ime,2021 week 6
836,165,gas,0.0,ime,2021 week 6
837,166,gas,0.0,ime,2021 week 6
838,167,gas,0.0,ime,2021 week 6
839,168,gas,0.0,ime,2021 week 6
840,1,hydro,86.866527,ime,2021 week 6
841,2,hydro,-2.006572685786523e-10,ime,2021 week 6
842,3,hydro,0.0,ime,2021 week 6
843,4,hydro,0.0,ime,2021 week 6
844,5,hydro,0.0,ime,2021 week 6
845,6,hydro,0.0,ime,2021 week 6
846,7,hydro,0.0,ime,2021 week 6
847,8,hydro,91.62776452318542,ime,2021 week 6
848,9,hydro,49.10528947681462,ime,2021 week 6
849,10,hydro,70.36652700000002,ime,2021 week 6
850,11,hydro,140.73305400000004,ime,2021 week 6
851,12,hydro,0.0,ime,2021 week 6
852,13,hydro,70.36652700000002,ime,2021 week 6
853,14,hydro,126.0307913992646,ime,2021 week 6
854,15,hydro,14.702262600735423,ime,2021 week 6
855,16,hydro,70.36652700000002,ime,2021 week 6
856,17,hydro,70.36652700000002,ime,2021 week 6
857,18,hydro,70.36652700000002,ime,2021 week 6
858,19,hydro,70.36652700000002,ime,2021 week 6
859,20,hydro,70.36652700000002,ime,2021 week 6
860,21,hydro,70.36652700000002,ime,2021 week 6
861,22,hydro,70.36652700000002,ime,2021 week 6
862,23,hydro,70.36652700000002,ime,2021 week 6
863,24,hydro,70.36652700000002,ime,2021 week 6
864,25,hydro,232.86540625983375,ime,2021 week 6
865,26,hydro,0.0,ime,2021 week 6
866,27,hydro,0.0,ime,2021 week 6
867,28,hydro,118.91722874016637,ime,2021 week 6
868,29,hydro,0.0499999999999545,ime,2021 week 6
869,30,hydro,70.36652700000002,ime,2021 week 6
870,31,hydro,70.36652700000002,ime,2021 week 6
871,32,hydro,70.36652700000002,ime,2021 week 6
872,33,hydro,70.36652700000002,ime,2021 week 6
873,34,hydro,70.36652700000002,ime,2021 week 6
874,35,hydro,70.36652700000002,ime,2021 week 6
875,36,hydro,70.36652700000002,ime,2021 week 6
876,37,hydro,70.36652700000002,ime,2021 week 6
877,38,hydro,70.36652700000002,ime,2021 week 6
878,39,hydro,70.36652700000002,ime,2021 week 6
879,40,hydro,90.02302400000019,ime,2021 week 6
880,41,hydro,50.71002999999985,ime,2021 week 6
881,42,hydro,70.36652700000002,ime,2021 week 6
882,43,hydro,70.36652700000002,ime,2021 week 6
883,44,hydro,70.36652700000002,ime,2021 week 6
884,45,hydro,70.36652700000002,ime,2021 week 6
885,46,hydro,70.36652700000002,ime,2021 week 6
886,47,hydro,70.36652700000002,ime,2021 week 6
887,48,hydro,70.36652700000002,ime,2021 week 6
888,49,hydro,70.36652700000002,ime,2021 week 6
889,50,hydro,70.36652700000002,ime,2021 week 6
890,51,hydro,70.36652700000002,ime,2021 week 6
891,52,hydro,70.36652700000002,ime,2021 week 6
892,53,hydro,70.36652700000002,ime,2021 week 6
893,54,hydro,70.36652700000002,ime,2021 week 6
894,55,hydro,93.41240900000037,ime,2021 week 6
895,56,hydro,47.32064499999967,ime,2021 week 6
896,57,hydro,70.36652700000002,ime,2021 week 6
897,58,hydro,70.36652700000002,ime,2021 week 6
898,59,hydro,281.4161080000001,ime,2021 week 6
899,60,hydro,0.0,ime,2021 week 6
900,61,hydro,0.0,ime,2021 week 6
901,62,hydro,0.0499999999999545,ime,2021 week 6
902,63,hydro,70.36652700000002,ime,2021 week 6
903,64,hydro,70.36652700000002,ime,2021 week 6
904,65,hydro,70.36652700000002,ime,2021 week 6
905,66,hydro,70.36652700000002,ime,2021 week 6
906,67,hydro,70.36652700000002,ime,2021 week 6
907,68,hydro,70.36652700000002,ime,2021 week 6
908,69,hydro,140.68305400000008,ime,2021 week 6
909,70,hydro,0.0499999999999545,ime,2021 week 6
910,71,hydro,330.0,ime,2021 week 6
911,72,hydro,124.18305400000008,ime,2021 week 6
912,73,hydro,38.38263500000001,ime,2021 week 6
913,74,hydro,0.0,ime,2021 week 6
914,75,hydro,0.0,ime,2021 week 6
915,76,hydro,0.0,ime,2021 week 6
916,77,hydro,0.0,ime,2021 week 6
917,78,hydro,70.36652700000002,ime,2021 week 6
918,79,hydro,70.36652700000002,ime,2021 week 6
919,80,hydro,70.36652700000002,ime,2021 week 6
920,81,hydro,140.73305400000004,ime,2021 week 6
921,82,hydro,0.0,ime,2021 week 6
922,83,hydro,70.36652700000002,ime,2021 week 6
923,84,hydro,70.36652700000002,ime,2021 week 6
924,85,hydro,140.68305400000008,ime,2021 week 6
925,86,hydro,0.0499999999999545,ime,2021 week 6
926,87,hydro,70.36652700000002,ime,2021 week 6
927,88,hydro,70.36652700000002,ime,2021 week 6
928,89,hydro,70.36652700000002,ime,2021 week 6
929,90,hydro,70.36652700000002,ime,2021 week 6
930,91,hydro,140.68305400000008,ime,2021 week 6
931,92,hydro,0.0499999999999545,ime,2021 week 6
932,93,hydro,70.36652700000002,ime,2021 week 6
933,94,hydro,70.36652700000002,ime,2021 week 6
934,95,hydro,140.68305400000008,ime,2021 week 6
935,96,hydro,313.5,ime,2021 week 6
936,97,hydro,70.366527,ime,2021 week 6
937,98,hydro,0.0,ime,2021 week 6
938,99,hydro,38.38263500000001,ime,2021 week 6
939,100,hydro,0.0,ime,2021 week 6
940,101,hydro,0.0,ime,2021 week 6
941,102,hydro,0.0,ime,2021 week 6
942,103,hydro,70.36652700000002,ime,2021 week 6
943,104,hydro,70.36652700000002,ime,2021 week 6
944,105,hydro,70.36652700000002,ime,2021 week 6
945,106,hydro,70.36652700000002,ime,2021 week 6
946,107,hydro,70.36652700000002,ime,2021 week 6
947,108,hydro,70.36652700000002,ime,2021 week 6
948,109,hydro,70.36652700000002,ime,2021 week 6
949,110,hydro,70.36652700000002,ime,2021 week 6
950,111,hydro,70.36652700000002,ime,2021 week 6
951,112,hydro,70.36652700000002,ime,2021 week 6
952,113,hydro,70.36652700000002,ime,2021 week 6
953,114,hydro,70.36652700000002,ime,2021 week 6
954,115,hydro,70.36652700000002,ime,2021 week 6
955,116,hydro,70.36652700000002,ime,2021 week 6
956,117,hydro,70.36652700000002,ime,2021 week 6
957,118,hydro,140.68305400000008,ime,2021 week 6
958,119,hydro,0.0499999999999545,ime,2021 week 6
959,120,hydro,70.36652700000002,ime,2021 week 6
960,121,hydro,70.36652700000002,ime,2021 week 6
961,122,hydro,140.68305400000008,ime,2021 week 6
962,123,hydro,140.783054,ime,2021 week 6
963,124,hydro,0.0,ime,2021 week 6
964,125,hydro,0.0,ime,2021 week 6
965,126,hydro,70.36652700000002,ime,2021 week 6
966,127,hydro,70.36652700000002,ime,2021 week 6
967,128,hydro,70.36652700000002,ime,2021 week 6
968,129,hydro,70.36652700000002,ime,2021 week 6
969,130,hydro,70.36652700000002,ime,2021 week 6
970,131,hydro,70.36652700000002,ime,2021 week 6
971,132,hydro,70.36652700000002,ime,2021 week 6
972,133,hydro,70.36652700000002,ime,2021 week 6
973,134,hydro,70.36652700000002,ime,2021 week 6
974,135,hydro,70.36652700000002,ime,2021 week 6
975,136,hydro,70.36652700000002,ime,2021 week 6
976,137,hydro,70.36652700000002,ime,2021 week 6
977,138,hydro,140.73305400000004,ime,2021 week 6
978,139,hydro,0.0,ime,2021 week 6
979,140,hydro,70.36652700000002,ime,2021 week 6
980,141,hydro,70.36652700000002,ime,2021 week 6
981,142,hydro,70.36652700000002,ime,2021 week 6
982,143,hydro,70.36652700000002,ime,2021 week 6
983,144,hydro,70.36652700000002,ime,2021 week 6
984,145,hydro,124.18305400000008,ime,2021 week 6
985,146,hydro,330.0,ime,2021 week 6
986,147,hydro,38.38263500000001,ime,2021 week 6
987,148,hydro,0.0,ime,2021 week 6
988,149,hydro,0.0,ime,2021 week 6
989,150,hydro,0.0,ime,2021 week 6
990,151,hydro,0.0,ime,2021 week 6
991,152,hydro,70.36652700000002,ime,2021 week 6
992,153,hydro,70.36652700000002,ime,2021 week 6
993,154,hydro,70.36652700000002,ime,2021 week 6
994,155,hydro,70.36652700000002,ime,2021 week 6
995,156,hydro,70.36652700000002,ime,2021 week 6
996,157,hydro,70.36652700000002,ime,2021 week 6
997,158,hydro,70.36652700000002,ime,2021 week 6
998,159,hydro,70.36652700000002,ime,2021 week 6
999,160,hydro,70.36652700000002,ime,2021 week 6
1000,161,hydro,258.9392734256878,ime,2021 week 6
1001,162,hydro,0.0,ime,2021 week 6
1002,163,hydro,0.0,ime,2021 week 6
1003,164,hydro,64.2433713174396,ime,2021 week 6
1004,165,hydro,98.96651725687276,ime,2021 week 6
1005,166,hydro,33.2890190000013,ime,2021 week 6
1006,167,hydro,107.44403499999872,ime,2021 week 6
1007,168,hydro,297.0,ime,2021 week 6
1008,1,wind,8091.900000000001,ime,2021 week 6
1009,2,wind,13304.632875775962,ime,2021 week 6
1010,3,wind,13092.730477272726,ime,2021 week 6
1011,4,wind,13304.63287577576,ime,2021 week 6
1012,5,wind,13304.63287577576,ime,2021 week 6
1013,6,wind,14068.231704001108,ime,2021 week 6
1014,7,wind,14925.06,ime,2021 week 6
1015,8,wind,13646.34,ime,2021 week 6
1016,9,wind,14325.66,ime,2021 week 6
1017,10,wind,13486.5,ime,2021 week 6
1018,11,wind,11848.14,ime,2021 week 6
1019,12,wind,10249.74,ime,2021 week 6
1020,13,wind,8871.12,ime,2021 week 6
1021,14,wind,7792.200000000001,ime,2021 week 6
1022,15,wind,6693.3,ime,2021 week 6
1023,16,wind,5354.64,ime,2021 week 6
1024,17,wind,2845.2598572727275,ime,2021 week 6
1025,18,wind,1058.94,ime,2021 week 6
1026,19,wind,339.66,ime,2021 week 6
1027,20,wind,179.82,ime,2021 week 6
1028,21,wind,199.8,ime,2021 week 6
1029,22,wind,339.66,ime,2021 week 6
1030,23,wind,633.911666905268,ime,2021 week 6
1031,24,wind,805.9580118181816,ime,2021 week 6
1032,25,wind,2068.815067036515,ime,2021 week 6
1033,26,wind,3076.92,ime,2021 week 6
1034,27,wind,4115.88,ime,2021 week 6
1035,28,wind,4135.86,ime,2021 week 6
1036,29,wind,3416.5800000000004,ime,2021 week 6
1037,30,wind,2780.042457272727,ime,2021 week 6
1038,31,wind,2522.475316363636,ime,2021 week 6
1039,32,wind,1026.3201709090908,ime,2021 week 6
1040,33,wind,19.98,ime,2021 week 6
1041,34,wind,0.0,ime,2021 week 6
1042,35,wind,0.0,ime,2021 week 6
1043,36,wind,0.0,ime,2021 week 6
1044,37,wind,0.0,ime,2021 week 6
1045,38,wind,0.0,ime,2021 week 6
1046,39,wind,0.0,ime,2021 week 6
1047,40,wind,43.49564777777772,ime,2021 week 6
1048,41,wind,399.6,ime,2021 week 6
1049,42,wind,1940.20568,ime,2021 week 6
1050,43,wind,5024.676848181818,ime,2021 week 6
1051,44,wind,5118.368634545454,ime,2021 week 6
1052,45,wind,3966.7740436363633,ime,2021 week 6
1053,46,wind,3172.5068936363637,ime,2021 week 6
1054,47,wind,2370.20313,ime,2021 week 6
1055,48,wind,1671.9264618181817,ime,2021 week 6
1056,49,wind,1298.7,ime,2021 week 6
1057,50,wind,799.2,ime,2021 week 6
1058,51,wind,539.46,ime,2021 week 6
1059,52,wind,359.64,ime,2021 week 6
1060,53,wind,339.66,ime,2021 week 6
1061,54,wind,339.66,ime,2021 week 6
1062,55,wind,420.1077977777775,ime,2021 week 6
1063,56,wind,1178.82,ime,2021 week 6
1064,57,wind,2737.1974845454542,ime,2021 week 6
1065,58,wind,4878.75678,ime,2021 week 6
1066,59,wind,5936.957240308319,ime,2021 week 6
1067,60,wind,7072.92,ime,2021 week 6
1068,61,wind,6653.34,ime,2021 week 6
1069,62,wind,6453.54,ime,2021 week 6
1070,63,wind,4637.125484545454,ime,2021 week 6
1071,64,wind,3888.38328909091,ime,2021 week 6
1072,65,wind,1764.0381163636364,ime,2021 week 6
1073,66,wind,619.38,ime,2021 week 6
1074,67,wind,0.0,ime,2021 week 6
1075,68,wind,0.0,ime,2021 week 6
1076,69,wind,0.0,ime,2021 week 6
1077,70,wind,0.0,ime,2021 week 6
1078,71,wind,138.65266333333346,ime,2021 week 6
1079,72,wind,4795.2,ime,2021 week 6
1080,73,wind,8871.12,ime,2021 week 6
1081,74,wind,11268.72,ime,2021 week 6
1082,75,wind,12347.64,ime,2021 week 6
1083,76,wind,12447.54,ime,2021 week 6
1084,77,wind,11948.04,ime,2021 week 6
1085,78,wind,11368.62,ime,2021 week 6
1086,79,wind,10989.0,ime,2021 week 6
1087,80,wind,10849.14,ime,2021 week 6
1088,81,wind,12707.28,ime,2021 week 6
1089,82,wind,13406.58,ime,2021 week 6
1090,83,wind,11448.54,ime,2021 week 6
1091,84,wind,8651.34,ime,2021 week 6
1092,85,wind,6233.76,ime,2021 week 6
1093,86,wind,4375.62,ime,2021 week 6
1094,87,wind,2522.592848181818,ime,2021 week 6
1095,88,wind,1717.7763663636365,ime,2021 week 6
1096,89,wind,1238.76,ime,2021 week 6
1097,90,wind,459.54,ime,2021 week 6
1098,91,wind,0.0,ime,2021 week 6
1099,92,wind,0.0,ime,2021 week 6
1100,93,wind,19.98,ime,2021 week 6
1101,94,wind,137.06737323232284,ime,2021 week 6
1102,95,wind,634.9539645454545,ime,2021 week 6
1103,96,wind,2521.2466045454544,ime,2021 week 6
1104,97,wind,6213.78,ime,2021 week 6
1105,98,wind,8471.52,ime,2021 week 6
1106,99,wind,10189.8,ime,2021 week 6
1107,100,wind,11608.38,ime,2021 week 6
1108,101,wind,12627.36,ime,2021 week 6
1109,102,wind,13206.78,ime,2021 week 6
1110,103,wind,13106.88,ime,2021 week 6
1111,104,wind,8871.12,ime,2021 week 6
1112,105,wind,3076.92,ime,2021 week 6
1113,106,wind,1918.08,ime,2021 week 6
1114,107,wind,1538.46,ime,2021 week 6
1115,108,wind,693.476725454545,ime,2021 week 6
1116,109,wind,879.12,ime,2021 week 6
1117,110,wind,879.12,ime,2021 week 6
1118,111,wind,779.22,ime,2021 week 6
1119,112,wind,579.4200000000001,ime,2021 week 6
1120,113,wind,439.56,ime,2021 week 6
1121,114,wind,124.70230462085868,ime,2021 week 6
1122,115,wind,0.0,ime,2021 week 6
1123,116,wind,99.9,ime,2021 week 6
1124,117,wind,219.78,ime,2021 week 6
1125,118,wind,0.0,ime,2021 week 6
1126,119,wind,423.6482833333334,ime,2021 week 6
1127,120,wind,759.24,ime,2021 week 6
1128,121,wind,1318.68,ime,2021 week 6
1129,122,wind,1918.6747236363633,ime,2021 week 6
1130,123,wind,2626.965632727273,ime,2021 week 6
1131,124,wind,3536.46,ime,2021 week 6
1132,125,wind,4295.7,ime,2021 week 6
1133,126,wind,4322.308366363636,ime,2021 week 6
1134,127,wind,3426.9429799999994,ime,2021 week 6
1135,128,wind,1498.5,ime,2021 week 6
1136,129,wind,108.79268909090888,ime,2021 week 6
1137,130,wind,0.0,ime,2021 week 6
1138,131,wind,0.0,ime,2021 week 6
1139,132,wind,679.32,ime,2021 week 6
1140,133,wind,1228.5107436363628,ime,2021 week 6
1141,134,wind,1995.6292890909083,ime,2021 week 6
1142,135,wind,3216.78,ime,2021 week 6
1143,136,wind,3725.93668,ime,2021 week 6
1144,137,wind,4372.7704300000005,ime,2021 week 6
1145,138,wind,5341.532823636363,ime,2021 week 6
1146,139,wind,7152.84,ime,2021 week 6
1147,140,wind,5992.389389090909,ime,2021 week 6
1148,141,wind,4767.60512090909,ime,2021 week 6
1149,142,wind,3608.929057272727,ime,2021 week 6
1150,143,wind,1771.5909254545454,ime,2021 week 6
1151,144,wind,527.014539090909,ime,2021 week 6
1152,145,wind,739.26,ime,2021 week 6
1153,146,wind,447.3434590909091,ime,2021 week 6
1154,147,wind,3156.84,ime,2021 week 6
1155,148,wind,5794.2,ime,2021 week 6
1156,149,wind,8231.76,ime,2021 week 6
1157,150,wind,10009.98,ime,2021 week 6
1158,151,wind,10509.48,ime,2021 week 6
1159,152,wind,6473.52,ime,2021 week 6
1160,153,wind,3776.22,ime,2021 week 6
1161,154,wind,3081.2861163636367,ime,2021 week 6
1162,155,wind,2265.7793072727263,ime,2021 week 6
1163,156,wind,1773.135461818181,ime,2021 week 6
1164,157,wind,1462.0688709090905,ime,2021 week 6
1165,158,wind,403.38969818181795,ime,2021 week 6
1166,159,wind,1223.6572890909092,ime,2021 week 6
1167,160,wind,3182.2912345454542,ime,2021 week 6
1168,161,wind,4249.647342340284,ime,2021 week 6
1169,162,wind,6653.34,ime,2021 week 6
1170,163,wind,6473.52,ime,2021 week 6
1171,164,wind,5938.378794256872,ime,2021 week 6
1172,165,wind,6393.6,ime,2021 week 6
1173,166,wind,6453.54,ime,2021 week 6
1174,167,wind,5754.24,ime,2021 week 6
1175,168,wind,4595.400000000001,ime,2021 week 6
1176,1,solar,0.0,ime,2021 week 6
1177,2,solar,0.0,ime,2021 week 6
1178,3,solar,0.0,ime,2021 week 6
1179,4,solar,0.0,ime,2021 week 6
1180,5,solar,0.0,ime,2021 week 6
1181,6,solar,0.0,ime,2021 week 6
1182,7,solar,39.3119999999999,ime,2021 week 6
1183,8,solar,311.472,ime,2021 week 6
1184,9,solar,822.528,ime,2021 week 6
1185,10,solar,1046.304,ime,2021 week 6
1186,11,solar,1130.976,ime,2021 week 6
1187,12,solar,1264.0319999999992,ime,2021 week 6
1188,13,solar,1587.6,ime,2021 week 6
1189,14,solar,2268.0,ime,2021 week 6
1190,15,solar,2068.416,ime,2021 week 6
1191,16,solar,1620.8640000000005,ime,2021 week 6
1192,17,solar,976.752,ime,2021 week 6
1193,18,solar,265.47325272727244,ime,2021 week 6
1194,19,solar,3.024,ime,2021 week 6
1195,20,solar,0.0,ime,2021 week 6
1196,21,solar,0.0,ime,2021 week 6
1197,22,solar,0.0,ime,2021 week 6
1198,23,solar,0.0,ime,2021 week 6
1199,24,solar,0.0,ime,2021 week 6
1200,25,solar,0.0,ime,2021 week 6
1201,26,solar,0.0,ime,2021 week 6
1202,27,solar,0.0,ime,2021 week 6
1203,28,solar,0.0,ime,2021 week 6
1204,29,solar,0.0,ime,2021 week 6
1205,30,solar,0.0,ime,2021 week 6
1206,31,solar,0.0,ime,2021 week 6
1207,32,solar,359.856,ime,2021 week 6
1208,33,solar,553.3919999999999,ime,2021 week 6
1209,34,solar,927.1414027272727,ime,2021 week 6
1210,35,solar,1200.6422254545453,ime,2021 week 6
1211,36,solar,1689.4147345454542,ime,2021 week 6
1212,37,solar,1740.671925454545,ime,2021 week 6
1213,38,solar,1393.4100163636365,ime,2021 week 6
1214,39,solar,940.1537618181816,ime,2021 week 6
1215,40,solar,441.504,ime,2021 week 6
1216,41,solar,235.87199999999996,ime,2021 week 6
1217,42,solar,163.296,ime,2021 week 6
1218,43,solar,0.0,ime,2021 week 6
1219,44,solar,0.0,ime,2021 week 6
1220,45,solar,0.0,ime,2021 week 6
1221,46,solar,0.0,ime,2021 week 6
1222,47,solar,0.0,ime,2021 week 6
1223,48,solar,0.0,ime,2021 week 6
1224,49,solar,0.0,ime,2021 week 6
1225,50,solar,0.0,ime,2021 week 6
1226,51,solar,0.0,ime,2021 week 6
1227,52,solar,0.0,ime,2021 week 6
1228,53,solar,0.0,ime,2021 week 6
1229,54,solar,0.0,ime,2021 week 6
1230,55,solar,0.0,ime,2021 week 6
1231,56,solar,72.57600000000001,ime,2021 week 6
1232,57,solar,0.0,ime,2021 week 6
1233,58,solar,0.0,ime,2021 week 6
1234,59,solar,0.0,ime,2021 week 6
1235,60,solar,290.30400000000003,ime,2021 week 6
1236,61,solar,290.30400000000003,ime,2021 week 6
1237,62,solar,275.18399999999997,ime,2021 week 6
1238,63,solar,0.0,ime,2021 week 6
1239,64,solar,0.0,ime,2021 week 6
1240,65,solar,0.0,ime,2021 week 6
1241,66,solar,27.49553909090912,ime,2021 week 6
1242,67,solar,0.0,ime,2021 week 6
1243,68,solar,0.0,ime,2021 week 6
1244,69,solar,0.0,ime,2021 week 6
1245,70,solar,0.0,ime,2021 week 6
1246,71,solar,0.0,ime,2021 week 6
1247,72,solar,0.0,ime,2021 week 6
1248,73,solar,0.0,ime,2021 week 6
1249,74,solar,0.0,ime,2021 week 6
1250,75,solar,0.0,ime,2021 week 6
1251,76,solar,0.0,ime,2021 week 6
1252,77,solar,0.0,ime,2021 week 6
1253,78,solar,0.0,ime,2021 week 6
1254,79,solar,27.216,ime,2021 week 6
1255,80,solar,205.6319999999996,ime,2021 week 6
1256,81,solar,586.6560000000001,ime,2021 week 6
1257,82,solar,1663.2,ime,2021 week 6
1258,83,solar,2283.120000000001,ime,2021 week 6
1259,84,solar,2467.584,ime,2021 week 6
1260,85,solar,2491.776,ime,2021 week 6
1261,86,solar,2358.7200000000003,ime,2021 week 6
1262,87,solar,2068.416,ime,2021 week 6
1263,88,solar,1623.888,ime,2021 week 6
1264,89,solar,153.4275845454545,ime,2021 week 6
1265,90,solar,47.88047222222224,ime,2021 week 6
1266,91,solar,0.0,ime,2021 week 6
1267,92,solar,0.0,ime,2021 week 6
1268,93,solar,0.0,ime,2021 week 6
1269,94,solar,0.0,ime,2021 week 6
1270,95,solar,0.0,ime,2021 week 6
1271,96,solar,0.0,ime,2021 week 6
1272,97,solar,0.0,ime,2021 week 6
1273,98,solar,0.0,ime,2021 week 6
1274,99,solar,0.0,ime,2021 week 6
1275,100,solar,0.0,ime,2021 week 6
1276,101,solar,0.0,ime,2021 week 6
1277,102,solar,0.0,ime,2021 week 6
1278,103,solar,130.03199999999924,ime,2021 week 6
1279,104,solar,768.0959999999995,ime,2021 week 6
1280,105,solar,1090.453779999999,ime,2021 week 6
1281,106,solar,1618.0422118181818,ime,2021 week 6
1282,107,solar,1910.3121527272724,ime,2021 week 6
1283,108,solar,2404.08,ime,2021 week 6
1284,109,solar,2190.103470909091,ime,2021 week 6
1285,110,solar,2065.9667436363634,ime,2021 week 6
1286,111,solar,1826.0997663636365,ime,2021 week 6
1287,112,solar,1438.8206799999996,ime,2021 week 6
1288,113,solar,907.0897027272728,ime,2021 week 6
1289,114,solar,332.64,ime,2021 week 6
1290,115,solar,0.0,ime,2021 week 6
1291,116,solar,0.0,ime,2021 week 6
1292,117,solar,0.0,ime,2021 week 6
1293,118,solar,0.0,ime,2021 week 6
1294,119,solar,0.0,ime,2021 week 6
1295,120,solar,0.0,ime,2021 week 6
1296,121,solar,0.0,ime,2021 week 6
1297,122,solar,0.0,ime,2021 week 6
1298,123,solar,0.0,ime,2021 week 6
1299,124,solar,0.0,ime,2021 week 6
1300,125,solar,0.0,ime,2021 week 6
1301,126,solar,0.0,ime,2021 week 6
1302,127,solar,0.0,ime,2021 week 6
1303,128,solar,647.3277436363633,ime,2021 week 6
1304,129,solar,1400.112,ime,2021 week 6
1305,130,solar,1770.420393636363,ime,2021 week 6
1306,131,solar,2118.9976072727272,ime,2021 week 6
1307,132,solar,2154.618543636363,ime,2021 week 6
1308,133,solar,2388.96,ime,2021 week 6
1309,134,solar,2246.832,ime,2021 week 6
1310,135,solar,1505.536129999999,ime,2021 week 6
1311,136,solar,1333.584,ime,2021 week 6
1312,137,solar,719.712,ime,2021 week 6
1313,138,solar,0.0,ime,2021 week 6
1314,139,solar,0.0,ime,2021 week 6
1315,140,solar,0.0,ime,2021 week 6
1316,141,solar,0.0,ime,2021 week 6
1317,142,solar,0.0,ime,2021 week 6
1318,143,solar,0.0,ime,2021 week 6
1319,144,solar,0.0,ime,2021 week 6
1320,145,solar,0.0,ime,2021 week 6
1321,146,solar,0.0,ime,2021 week 6
1322,147,solar,0.0,ime,2021 week 6
1323,148,solar,0.0,ime,2021 week 6
1324,149,solar,0.0,ime,2021 week 6
1325,150,solar,0.0,ime,2021 week 6
1326,151,solar,48.384,ime,2021 week 6
1327,152,solar,320.544,ime,2021 week 6
1328,153,solar,398.33046181818145,ime,2021 week 6
1329,154,solar,1019.088,ime,2021 week 6
1330,155,solar,1236.816,ime,2021 week 6
1331,156,solar,1457.568,ime,2021 week 6
1332,157,solar,1354.752,ime,2021 week 6
1333,158,solar,1143.072,ime,2021 week 6
1334,159,solar,952.56,ime,2021 week 6
1335,160,solar,465.696,ime,2021 week 6
1336,161,solar,0.0,ime,2021 week 6
1337,162,solar,54.431999999999995,ime,2021 week 6
1338,163,solar,0.0,ime,2021 week 6
1339,164,solar,0.0,ime,2021 week 6
1340,165,solar,0.0,ime,2021 week 6
1341,166,solar,0.0,ime,2021 week 6
1342,167,solar,0.0,ime,2021 week 6
1343,168,solar,0.0,ime,2021 week 6
1344,1,stor,310.8400000000001,ime,2021 week 6
1345,2,stor,0.0,ime,2021 week 6
1346,3,stor,0.0,ime,2021 week 6
1347,4,stor,0.0,ime,2021 week 6
1348,5,stor,0.0,ime,2021 week 6
1349,6,stor,408.9623075235877,ime,2021 week 6
1350,7,stor,0.0,ime,2021 week 6
1351,8,stor,0.0,ime,2021 week 6
1352,9,stor,0.0,ime,2021 week 6
1353,10,stor,0.0,ime,2021 week 6
1354,11,stor,0.0,ime,2021 week 6
1355,12,stor,0.0,ime,2021 week 6
1356,13,stor,0.0,ime,2021 week 6
1357,14,stor,0.0,ime,2021 week 6
1358,15,stor,0.0,ime,2021 week 6
1359,16,stor,0.0,ime,2021 week 6
1360,17,stor,0.0,ime,2021 week 6
1361,18,stor,0.0,ime,2021 week 6
1362,19,stor,44.49808800000011,ime,2021 week 6
1363,20,stor,44.31009800000019,ime,2021 week 6
1364,21,stor,54.03284299999996,ime,2021 week 6
1365,22,stor,64.93236800000001,ime,2021 week 6
1366,23,stor,176.65251440420502,ime,2021 week 6
1367,24,stor,777.1,ime,2021 week 6
1368,25,stor,0.0,ime,2021 week 6
1369,26,stor,0.0,ime,2021 week 6
1370,27,stor,0.0,ime,2021 week 6
1371,28,stor,0.0,ime,2021 week 6
1372,29,stor,0.0,ime,2021 week 6
1373,30,stor,0.0,ime,2021 week 6
1374,31,stor,0.0,ime,2021 week 6
1375,32,stor,0.0,ime,2021 week 6
1376,33,stor,21.26557799999981,ime,2021 week 6
1377,34,stor,0.0,ime,2021 week 6
1378,35,stor,0.0,ime,2021 week 6
1379,36,stor,0.0,ime,2021 week 6
1380,37,stor,0.0,ime,2021 week 6
1381,38,stor,0.0,ime,2021 week 6
1382,39,stor,0.0,ime,2021 week 6
1383,40,stor,41.825183444444335,ime,2021 week 6
1384,41,stor,0.0,ime,2021 week 6
1385,42,stor,0.0,ime,2021 week 6
1386,43,stor,0.0,ime,2021 week 6
1387,44,stor,0.0,ime,2021 week 6
1388,45,stor,0.0,ime,2021 week 6
1389,46,stor,0.0,ime,2021 week 6
1390,47,stor,0.0,ime,2021 week 6
1391,48,stor,0.0,ime,2021 week 6
1392,49,stor,45.15247799999996,ime,2021 week 6
1393,50,stor,101.55167299999992,ime,2021 week 6
1394,51,stor,127.52567299999988,ime,2021 week 6
1395,52,stor,145.5076729999998,ime,2021 week 6
1396,53,stor,147.5056730000001,ime,2021 week 6
1397,54,stor,102.3785830000002,ime,2021 week 6
1398,55,stor,69.03411344444416,ime,2021 week 6
1399,56,stor,0.0,ime,2021 week 6
1400,57,stor,0.0,ime,2021 week 6
1401,58,stor,0.0,ime,2021 week 6
1402,59,stor,371.7064476608485,ime,2021 week 6
1403,60,stor,0.0,ime,2021 week 6
1404,61,stor,0.0,ime,2021 week 6
1405,62,stor,0.0,ime,2021 week 6
1406,63,stor,777.1,ime,2021 week 6
1407,64,stor,0.0,ime,2021 week 6
1408,65,stor,0.0,ime,2021 week 6
1409,66,stor,0.0,ime,2021 week 6
1410,67,stor,409.04615300000006,ime,2021 week 6
1411,68,stor,212.75247799999988,ime,2021 week 6
1412,69,stor,34.27619100000007,ime,2021 week 6
1413,70,stor,179.81369500000014,ime,2021 week 6
1414,71,stor,632.2412003333334,ime,2021 week 6
1415,72,stor,353.19383143856385,ime,2021 week 6
1416,73,stor,0.0,ime,2021 week 6
1417,74,stor,0.0,ime,2021 week 6
1418,75,stor,0.0,ime,2021 week 6
1419,76,stor,0.0,ime,2021 week 6
1420,77,stor,0.0,ime,2021 week 6
1421,78,stor,0.0,ime,2021 week 6
1422,79,stor,0.0,ime,2021 week 6
1423,80,stor,0.0,ime,2021 week 6
1424,81,stor,0.0,ime,2021 week 6
1425,82,stor,0.0,ime,2021 week 6
1426,83,stor,0.0,ime,2021 week 6
1427,84,stor,0.0,ime,2021 week 6
1428,85,stor,0.0,ime,2021 week 6
1429,86,stor,0.0,ime,2021 week 6
1430,87,stor,0.0,ime,2021 week 6
1431,88,stor,0.0,ime,2021 week 6
1432,89,stor,777.1,ime,2021 week 6
1433,90,stor,302.1925285555553,ime,2021 week 6
1434,91,stor,81.87791099999993,ime,2021 week 6
1435,92,stor,146.36681000000007,ime,2021 week 6
1436,93,stor,65.60076800000003,ime,2021 week 6
1437,94,stor,181.0619824444448,ime,2021 week 6
1438,95,stor,777.1,ime,2021 week 6
1439,96,stor,777.1,ime,2021 week 6
1440,97,stor,0.0,ime,2021 week 6
1441,98,stor,0.0,ime,2021 week 6
1442,99,stor,0.0,ime,2021 week 6
1443,100,stor,0.0,ime,2021 week 6
1444,101,stor,0.0,ime,2021 week 6
1445,102,stor,0.0,ime,2021 week 6
1446,103,stor,0.0,ime,2021 week 6
1447,104,stor,0.0,ime,2021 week 6
1448,105,stor,0.0,ime,2021 week 6
1449,106,stor,0.0,ime,2021 week 6
1450,107,stor,0.0,ime,2021 week 6
1451,108,stor,0.0,ime,2021 week 6
1452,109,stor,0.0,ime,2021 week 6
1453,110,stor,0.0,ime,2021 week 6
1454,111,stor,0.0,ime,2021 week 6
1455,112,stor,0.0,ime,2021 week 6
1456,113,stor,0.0,ime,2021 week 6
1457,114,stor,64.57609791705525,ime,2021 week 6
1458,115,stor,154.07998300000008,ime,2021 week 6
1459,116,stor,48.178327999999944,ime,2021 week 6
1460,117,stor,47.56763299999987,ime,2021 week 6
1461,118,stor,383.0254359999999,ime,2021 week 6
1462,119,stor,172.31343333333328,ime,2021 week 6
1463,120,stor,82.09199299999972,ime,2021 week 6
1464,121,stor,44.83738299999982,ime,2021 week 6
1465,122,stor,0.0,ime,2021 week 6
1466,123,stor,0.0,ime,2021 week 6
1467,124,stor,0.0,ime,2021 week 6
1468,125,stor,0.0,ime,2021 week 6
1469,126,stor,0.0,ime,2021 week 6
1470,127,stor,0.0,ime,2021 week 6
1471,128,stor,0.0,ime,2021 week 6
1472,129,stor,0.0,ime,2021 week 6
1473,130,stor,0.0,ime,2021 week 6
1474,131,stor,0.0,ime,2021 week 6
1475,132,stor,0.0,ime,2021 week 6
1476,133,stor,0.0,ime,2021 week 6
1477,134,stor,0.0,ime,2021 week 6
1478,135,stor,0.0,ime,2021 week 6
1479,136,stor,0.0,ime,2021 week 6
1480,137,stor,0.0,ime,2021 week 6
1481,138,stor,0.0,ime,2021 week 6
1482,139,stor,0.0,ime,2021 week 6
1483,140,stor,0.0,ime,2021 week 6
1484,141,stor,0.0,ime,2021 week 6
1485,142,stor,0.0,ime,2021 week 6
1486,143,stor,777.1,ime,2021 week 6
1487,144,stor,777.1,ime,2021 week 6
1488,145,stor,56.797800999999794,ime,2021 week 6
1489,146,stor,777.1,ime,2021 week 6
1490,147,stor,0.0,ime,2021 week 6
1491,148,stor,0.0,ime,2021 week 6
1492,149,stor,0.0,ime,2021 week 6
1493,150,stor,0.0,ime,2021 week 6
1494,151,stor,0.0,ime,2021 week 6
1495,152,stor,0.0,ime,2021 week 6
1496,153,stor,0.0,ime,2021 week 6
1497,154,stor,0.0,ime,2021 week 6
1498,155,stor,0.0,ime,2021 week 6
1499,156,stor,0.0,ime,2021 week 6
1500,157,stor,0.0,ime,2021 week 6
1501,158,stor,777.1,ime,2021 week 6
1502,159,stor,777.1,ime,2021 week 6
1503,160,stor,0.0,ime,2021 week 6
1504,161,stor,777.1,ime,2021 week 6
1505,162,stor,0.0,ime,2021 week 6
1506,163,stor,0.0,ime,2021 week 6
1507,164,stor,0.0,ime,2021 week 6
1508,165,stor,0.0,ime,2021 week 6
1509,166,stor,0.0,ime,2021 week 6
1510,167,stor,0.0,ime,2021 week 6
1511,168,stor,466.26,ime,2021 week 6
1512,1,net_import,1e-10,ime,2021 week 6
1513,2,net_import,1e-10,ime,2021 week 6
1514,3,net_import,1e-10,ime,2021 week 6
1515,4,net_import,1e-10,ime,2021 week 6
1516,5,net_import,1e-10,ime,2021 week 6
1517,6,net_import,1e-10,ime,2021 week 6
1518,7,net_import,1e-10,ime,2021 week 6
1519,8,net_import,1e-10,ime,2021 week 6
1520,9,net_import,1e-10,ime,2021 week 6
1521,10,net_import,1e-10,ime,2021 week 6
1522,11,net_import,1e-10,ime,2021 week 6
1523,12,net_import,1e-10,ime,2021 week 6
1524,13,net_import,1e-10,ime,2021 week 6
1525,14,net_import,1e-10,ime,2021 week 6
1526,15,net_import,1e-10,ime,2021 week 6
1527,16,net_import,1e-10,ime,2021 week 6
1528,17,net_import,1e-10,ime,2021 week 6
1529,18,net_import,1e-10,ime,2021 week 6
1530,19,net_import,1e-10,ime,2021 week 6
1531,20,net_import,1e-10,ime,2021 week 6
1532,21,net_import,1e-10,ime,2021 week 6
1533,22,net_import,1e-10,ime,2021 week 6
1534,23,net_import,1e-10,ime,2021 week 6
1535,24,net_import,1e-10,ime,2021 week 6
1536,25,net_import,1e-10,ime,2021 week 6
1537,26,net_import,1e-10,ime,2021 week 6
1538,27,net_import,1e-10,ime,2021 week 6
1539,28,net_import,1e-10,ime,2021 week 6
1540,29,net_import,1e-10,ime,2021 week 6
1541,30,net_import,1e-10,ime,2021 week 6
1542,31,net_import,1e-10,ime,2021 week 6
1543,32,net_import,1e-10,ime,2021 week 6
1544,33,net_import,1e-10,ime,2021 week 6
1545,34,net_import,1e-10,ime,2021 week 6
1546,35,net_import,1e-10,ime,2021 week 6
1547,36,net_import,1e-10,ime,2021 week 6
1548,37,net_import,1e-10,ime,2021 week 6
1549,38,net_import,1e-10,ime,2021 week 6
1550,39,net_import,1e-10,ime,2021 week 6
1551,40,net_import,1e-10,ime,2021 week 6
1552,41,net_import,1e-10,ime,2021 week 6
1553,42,net_import,1e-10,ime,2021 week 6
1554,43,net_import,1e-10,ime,2021 week 6
1555,44,net_import,1e-10,ime,2021 week 6
1556,45,net_import,1e-10,ime,2021 week 6
1557,46,net_import,1e-10,ime,2021 week 6
1558,47,net_import,1e-10,ime,2021 week 6
1559,48,net_import,1e-10,ime,2021 week 6
1560,49,net_import,1e-10,ime,2021 week 6
1561,50,net_import,1e-10,ime,2021 week 6
1562,51,net_import,1e-10,ime,2021 week 6
1563,52,net_import,1e-10,ime,2021 week 6
1564,53,net_import,1e-10,ime,2021 week 6
1565,54,net_import,1e-10,ime,2021 week 6
1566,55,net_import,1e-10,ime,2021 week 6
1567,56,net_import,1e-10,ime,2021 week 6
1568,57,net_import,1e-10,ime,2021 week 6
1569,58,net_import,1e-10,ime,2021 week 6
1570,59,net_import,1e-10,ime,2021 week 6
1571,60,net_import,1e-10,ime,2021 week 6
1572,61,net_import,1e-10,ime,2021 week 6
1573,62,net_import,1e-10,ime,2021 week 6
1574,63,net_import,1e-10,ime,2021 week 6
1575,64,net_import,1e-10,ime,2021 week 6
1576,65,net_import,1e-10,ime,2021 week 6
1577,66,net_import,1e-10,ime,2021 week 6
1578,67,net_import,1e-10,ime,2021 week 6
1579,68,net_import,1e-10,ime,2021 week 6
1580,69,net_import,1e-10,ime,2021 week 6
1581,70,net_import,1e-10,ime,2021 week 6
1582,71,net_import,1e-10,ime,2021 week 6
1583,72,net_import,1e-10,ime,2021 week 6
1584,73,net_import,1e-10,ime,2021 week 6
1585,74,net_import,1e-10,ime,2021 week 6
1586,75,net_import,1e-10,ime,2021 week 6
1587,76,net_import,1e-10,ime,2021 week 6
1588,77,net_import,1e-10,ime,2021 week 6
1589,78,net_import,1e-10,ime,2021 week 6
1590,79,net_import,1e-10,ime,2021 week 6
1591,80,net_import,1e-10,ime,2021 week 6
1592,81,net_import,1e-10,ime,2021 week 6
1593,82,net_import,1e-10,ime,2021 week 6
1594,83,net_import,1e-10,ime,2021 week 6
1595,84,net_import,1e-10,ime,2021 week 6
1596,85,net_import,1e-10,ime,2021 week 6
1597,86,net_import,1e-10,ime,2021 week 6
1598,87,net_import,1e-10,ime,2021 week 6
1599,88,net_import,1e-10,ime,2021 week 6
1600,89,net_import,1e-10,ime,2021 week 6
1601,90,net_import,1e-10,ime,2021 week 6
1602,91,net_import,1e-10,ime,2021 week 6
1603,92,net_import,1e-10,ime,2021 week 6
1604,93,net_import,1e-10,ime,2021 week 6
1605,94,net_import,1e-10,ime,2021 week 6
1606,95,net_import,1e-10,ime,2021 week 6
1607,96,net_import,1e-10,ime,2021 week 6
1608,97,net_import,1e-10,ime,2021 week 6
1609,98,net_import,1e-10,ime,2021 week 6
1610,99,net_import,1e-10,ime,2021 week 6
1611,100,net_import,1e-10,ime,2021 week 6
1612,101,net_import,1e-10,ime,2021 week 6
1613,102,net_import,1e-10,ime,2021 week 6
1614,103,net_import,1e-10,ime,2021 week 6
1615,104,net_import,1e-10,ime,2021 week 6
1616,105,net_import,1e-10,ime,2021 week 6
1617,106,net_import,1e-10,ime,2021 week 6
1618,107,net_import,1e-10,ime,2021 week 6
1619,108,net_import,1e-10,ime,2021 week 6
1620,109,net_import,1e-10,ime,2021 week 6
1621,110,net_import,1e-10,ime,2021 week 6
1622,111,net_import,1e-10,ime,2021 week 6
1623,112,net_import,1e-10,ime,2021 week 6
1624,113,net_import,1e-10,ime,2021 week 6
1625,114,net_import,1e-10,ime,2021 week 6
1626,115,net_import,1e-10,ime,2021 week 6
1627,116,net_import,1e-10,ime,2021 week 6
1628,117,net_import,1e-10,ime,2021 week 6
1629,118,net_import,1e-10,ime,2021 week 6
1630,119,net_import,1e-10,ime,2021 week 6
1631,120,net_import,1e-10,ime,2021 week 6
1632,121,net_import,1e-10,ime,2021 week 6
1633,122,net_import,1e-10,ime,2021 week 6
1634,123,net_import,1e-10,ime,2021 week 6
1635,124,net_import,1e-10,ime,2021 week 6
1636,125,net_import,1e-10,ime,2021 week 6
1637,126,net_import,1e-10,ime,2021 week 6
1638,127,net_import,1e-10,ime,2021 week 6
1639,128,net_import,1e-10,ime,2021 week 6
1640,129,net_import,1e-10,ime,2021 week 6
1641,130,net_import,1e-10,ime,2021 week 6
1642,131,net_import,1e-10,ime,2021 week 6
1643,132,net_import,1e-10,ime,2021 week 6
1644,133,net_import,1e-10,ime,2021 week 6
1645,134,net_import,1e-10,ime,2021 week 6
1646,135,net_import,1e-10,ime,2021 week 6
1647,136,net_import,1e-10,ime,2021 week 6
1648,137,net_import,1e-10,ime,2021 week 6
1649,138,net_import,1e-10,ime,2021 week 6
1650,139,net_import,1e-10,ime,2021 week 6
1651,140,net_import,1e-10,ime,2021 week 6
1652,141,net_import,1e-10,ime,2021 week 6
1653,142,net_import,1e-10,ime,2021 week 6
1654,143,net_import,1e-10,ime,2021 week 6
1655,144,net_import,1e-10,ime,2021 week 6
1656,145,net_import,1e-10,ime,2021 week 6
1657,146,net_import,1e-10,ime,2021 week 6
1658,147,net_import,1e-10,ime,2021 week 6
1659,148,net_import,1e-10,ime,2021 week 6
1660,149,net_import,1e-10,ime,2021 week 6
1661,150,net_import,1e-10,ime,2021 week 6
1662,151,net_import,1e-10,ime,2021 week 6
1663,152,net_import,1e-10,ime,2021 week 6
1664,153,net_import,1e-10,ime,2021 week 6
1665,154,net_import,1e-10,ime,2021 week 6
1666,155,net_import,1e-10,ime,2021 week 6
1667,156,net_import,1e-10,ime,2021 week 6
1668,157,net_import,1e-10,ime,2021 week 6
1669,158,net_import,1e-10,ime,2021 week 6
1670,159,net_import,1e-10,ime,2021 week 6
1671,160,net_import,1e-10,ime,2021 week 6
1672,161,net_import,1e-10,ime,2021 week 6
1673,162,net_import,1e-10,ime,2021 week 6
1674,163,net_import,1e-10,ime,2021 week 6
1675,164,net_import,1e-10,ime,2021 week 6
1676,165,net_import,1e-10,ime,2021 week 6
1677,166,net_import,1e-10,ime,2021 week 6
1678,167,net_import,1e-10,ime,2021 week 6
1679,168,net_import,1e-10,ime,2021 week 6
1680,1,nse,0.0,ime,2021 week 6
1681,2,nse,0.0,ime,2021 week 6
1682,3,nse,0.0,ime,2021 week 6
1683,4,nse,0.0,ime,2021 week 6
1684,5,nse,0.0,ime,2021 week 6
1685,6,nse,0.0,ime,2021 week 6
1686,7,nse,0.0,ime,2021 week 6
1687,8,nse,0.0,ime,2021 week 6
1688,9,nse,0.0,ime,2021 week 6
1689,10,nse,0.0,ime,2021 week 6
1690,11,nse,0.0,ime,2021 week 6
1691,12,nse,0.0,ime,2021 week 6
1692,13,nse,0.0,ime,2021 week 6
1693,14,nse,0.0,ime,2021 week 6
1694,15,nse,0.0,ime,2021 week 6
1695,16,nse,0.0,ime,2021 week 6
1696,17,nse,2335.6461122872724,ime,2021 week 6
1697,18,nse,4794.389441932728,ime,2021 week 6
1698,19,nse,5340.822406660001,ime,2021 week 6
1699,20,nse,5833.36219666,ime,2021 week 6
1700,21,nse,5569.244551660001,ime,2021 week 6
1701,22,nse,4702.076154850001,ime,2021 week 6
1702,23,nse,3189.087976440528,ime,2021 week 6
1703,24,nse,1699.123095911818,ime,2021 week 6
1704,25,nse,474.4803454436519,ime,2021 week 6
1705,26,nse,0.0,ime,2021 week 6
1706,27,nse,0.0,ime,2021 week 6
1707,28,nse,0.0,ime,2021 week 6
1708,29,nse,0.0,ime,2021 week 6
1709,30,nse,1312.8652512672716,ime,2021 week 6
1710,31,nse,2381.3413326563623,ime,2021 week 6
1711,32,nse,3650.301678110908,ime,2021 week 6
1712,33,nse,5016.72877102,ime,2021 week 6
1713,34,nse,5002.420281982726,ime,2021 week 6
1714,35,nse,5690.221264855454,ime,2021 week 6
1715,36,nse,3725.655926274546,ime,2021 week 6
1716,37,nse,3514.420535365454,ime,2021 week 6
1717,38,nse,4324.723034456363,ime,2021 week 6
1718,39,nse,4730.356101691817,ime,2021 week 6
1719,40,nse,5449.017056487777,ime,2021 week 6
1720,41,nse,5743.611728709999,ime,2021 week 6
1721,42,nse,4214.191228709998,ime,2021 week 6
1722,43,nse,894.0423605281785,ime,2021 week 6
1723,44,nse,1136.7312741645446,ime,2021 week 6
1724,45,nse,2049.0068650736343,ime,2021 week 6
1725,46,nse,2120.7750553836345,ime,2021 week 6
1726,47,nse,1796.2744520199994,ime,2021 week 6
1727,48,nse,1762.0145567218176,ime,2021 week 6
1728,49,nse,1503.8660223099996,ime,2021 week 6
1729,50,nse,1817.9829273100004,ime,2021 week 6
1730,51,nse,2051.748927310002,ime,2021 week 6
1731,52,nse,2213.586927310002,ime,2021 week 6
1732,53,nse,2231.568927310001,ime,2021 week 6
1733,54,nse,3765.104656810001,ime,2021 week 6
1734,55,nse,4492.743796837779,ime,2021 week 6
1735,56,nse,3906.518572060002,ime,2021 week 6
1736,57,nse,2959.4555655145455,ime,2021 week 6
1737,58,nse,1126.03372261,ime,2021 week 6
1738,59,nse,414.9941513408321,ime,2021 week 6
1739,60,nse,0.0,ime,2021 week 6
1740,61,nse,0.0,ime,2021 week 6
1741,62,nse,0.0,ime,2021 week 6
1742,63,nse,307.7948162645471,ime,2021 week 6
1743,64,nse,2182.289353519092,ime,2021 week 6
1744,65,nse,4648.1144653463625,ime,2021 week 6
1745,66,nse,5727.984932919094,ime,2021 week 6
1746,67,nse,5575.033119010001,ime,2021 week 6
1747,68,nse,6100.800294010001,ime,2021 week 6
1748,69,nse,5974.555254010001,ime,2021 week 6
1749,70,nse,5276.902522060002,ime,2021 week 6
1750,71,nse,3256.591943093333,ime,2021 week 6
1751,72,nse,0.0,ime,2021 week 6
1752,73,nse,0.0,ime,2021 week 6
1753,74,nse,0.0,ime,2021 week 6
1754,75,nse,0.0,ime,2021 week 6
1755,76,nse,0.0,ime,2021 week 6
1756,77,nse,0.0,ime,2021 week 6
1757,78,nse,0.0,ime,2021 week 6
1758,79,nse,0.0,ime,2021 week 6
1759,80,nse,0.0,ime,2021 week 6
1760,81,nse,0.0,ime,2021 week 6
1761,82,nse,0.0,ime,2021 week 6
1762,83,nse,0.0,ime,2021 week 6
1763,84,nse,0.0,ime,2021 week 6
1764,85,nse,0.0,ime,2021 week 6
1765,86,nse,0.0,ime,2021 week 6
1766,87,nse,1026.7812039181829,ime,2021 week 6
1767,88,nse,2643.0596959363615,ime,2021 week 6
1768,89,nse,4142.2578958545455,ime,2021 week 6
1769,90,nse,5469.895769922221,ime,2021 week 6
1770,91,nse,5742.926532700002,ime,2021 week 6
1771,92,nse,6143.153787700001,ime,2021 week 6
1772,93,nse,5903.053602700002,ime,2021 week 6
1773,94,nse,4998.113432323232,ime,2021 week 6
1774,95,nse,2752.7261861545467,ime,2021 week 6
1775,96,nse,0.0,ime,2021 week 6
1776,97,nse,0.0,ime,2021 week 6
1777,98,nse,0.0,ime,2021 week 6
1778,99,nse,0.0,ime,2021 week 6
1779,100,nse,0.0,ime,2021 week 6
1780,101,nse,0.0,ime,2021 week 6
1781,102,nse,0.0,ime,2021 week 6
1782,103,nse,0.0,ime,2021 week 6
1783,104,nse,0.0,ime,2021 week 6
1784,105,nse,1390.0800032600018,ime,2021 week 6
1785,106,nse,2312.8735147718194,ime,2021 week 6
1786,107,nse,3316.4175417627275,ime,2021 week 6
1787,108,nse,2235.165476105455,ime,2021 week 6
1788,109,nse,2111.39033065091,ime,2021 week 6
1789,110,nse,2657.5242179236384,ime,2021 week 6
1790,111,nse,2952.156971626364,ime,2021 week 6
1791,112,nse,3896.44575659,ime,2021 week 6
1792,113,nse,4897.360391662727,ime,2021 week 6
1793,114,nse,5693.557324952086,ime,2021 week 6
1794,115,nse,5682.048744490001,ime,2021 week 6
1795,116,nse,6007.883499490001,ime,2021 week 6
1796,117,nse,5661.068094489999,ime,2021 week 6
1797,118,nse,4804.672730260001,ime,2021 week 6
1798,119,nse,3668.1144104933337,ime,2021 week 6
1799,120,nse,2656.0579854999983,ime,2021 week 6
1800,121,nse,1426.255766800001,ime,2021 week 6
1801,122,nse,677.7150991636354,ime,2021 week 6
1802,123,nse,0.0,ime,2021 week 6
1803,124,nse,0.0,ime,2021 week 6
1804,125,nse,0.0,ime,2021 week 6
1805,126,nse,0.0,ime,2021 week 6
1806,127,nse,1472.2018410600012,ime,2021 week 6
1807,128,nse,2879.4522774236366,ime,2021 week 6
1808,129,nse,4059.985521969092,ime,2021 week 6
1809,130,nse,4090.011760753637,ime,2021 week 6
1810,131,nse,4668.369176217273,ime,2021 week 6
1811,132,nse,2520.960746923637,ime,2021 week 6
1812,133,nse,1585.3201469236385,ime,2021 week 6
1813,134,nse,1382.3267614690913,ime,2021 week 6
1814,135,nse,857.337696990001,ime,2021 week 6
1815,136,nse,866.6021843899998,ime,2021 week 6
1816,137,nse,1169.743736389999,ime,2021 week 6
1817,138,nse,821.7924488536373,ime,2021 week 6
1818,139,nse,0.0,ime,2021 week 6
1819,140,nse,181.78851039909205,ime,2021 week 6
1820,141,nse,1179.02667858091,ime,2021 week 6
1821,142,nse,1660.5220637872726,ime,2021 week 6
1822,143,nse,1656.5051025054547,ime,2021 week 6
1823,144,nse,2204.711867209089,ime,2021 week 6
1824,145,nse,1567.8389295399993,ime,2021 week 6
1825,146,nse,821.4173254490906,ime,2021 week 6
1826,147,nse,0.0,ime,2021 week 6
1827,148,nse,0.0,ime,2021 week 6
1828,149,nse,0.0,ime,2021 week 6
1829,150,nse,0.0,ime,2021 week 6
1830,151,nse,0.0,ime,2021 week 6
1831,152,nse,0.0,ime,2021 week 6
1832,153,nse,881.1918841918177,ime,2021 week 6
1833,154,nse,1230.379486396363,ime,2021 week 6
1834,155,nse,2736.584899087272,ime,2021 week 6
1835,156,nse,1620.350756991818,ime,2021 week 6
1836,157,nse,1890.530347900909,ime,2021 week 6
1837,158,nse,2790.6070106281804,ime,2021 week 6
1838,159,nse,2118.37582696909,ime,2021 week 6
1839,160,nse,1744.2177382145446,ime,2021 week 6
1840,161,nse,501.24265609402846,ime,2021 week 6
1841,162,nse,0.0,ime,2021 week 6
1842,163,nse,0.0,ime,2021 week 6
1843,164,nse,0.0,ime,2021 week 6
1844,165,nse,0.0,ime,2021 week 6
1845,166,nse,0.0,ime,2021 week 6
1846,167,nse,0.0,ime,2021 week 6
1847,168,nse,0.0,ime,2021 week 6
1848,1,demand,6613.469083083316,ime,2021 week 6
1849,2,demand,6484.4764830834165,ime,2021 week 6
1850,3,demand,6483.1732833326205,ime,2021 week 6
1851,4,demand,6484.476483083416,ime,2021 week 6
1852,5,demand,6484.476483083416,ime,2021 week 6
1853,6,demand,7391.8074013112355,ime,2021 week 6
1854,7,demand,7949.1941086706975,ime,2021 week 6
1855,8,demand,8079.136908670597,ime,2021 week 6
1856,9,demand,8616.038972782597,ime,2021 week 6
1857,10,demand,9014.786801970435,ime,2021 week 6
1858,11,demand,9768.157701725397,ime,2021 week 6
1859,12,demand,8937.108724364403,ime,2021 week 6
1860,13,demand,8780.408724364403,ime,2021 week 6
1861,14,demand,8979.258511770402,ime,2021 week 6
1862,15,demand,8889.850970903577,ime,2021 week 6
1863,16,demand,9093.94088234716,ime,2021 week 6
1864,17,demand,9280.329823850472,ime,2021 week 6
1865,18,demand,9109.436184714838,ime,2021 week 6
1866,19,demand,8718.637984714838,ime,2021 week 6
1867,20,demand,9048.125784714837,ime,2021 week 6
1868,21,demand,8813.710884714837,ime,2021 week 6
1869,22,demand,8313.299796115396,ime,2021 week 6
1870,23,demand,7594.709763737031,ime,2021 week 6
1871,24,demand,6984.489936761836,ime,2021 week 6
1872,25,demand,6676.8968152264515,ime,2021 week 6
1873,26,demand,6547.770274101405,ime,2021 week 6
1874,27,demand,6547.770274101505,ime,2021 week 6
1875,28,demand,6547.770274101502,ime,2021 week 6
1876,29,demand,6547.770274101505,ime,2021 week 6
1877,30,demand,7470.594649150271,ime,2021 week 6
1878,31,demand,8039.206241554579,ime,2021 week 6
1879,32,demand,8171.867441554579,ime,2021 week 6
1880,33,demand,8719.95925848458,ime,2021 week 6
1881,34,demand,9127.151050099123,ime,2021 week 6
1882,35,demand,9886.954585457801,ime,2021 week 6
1883,36,demand,9048.328013170889,ime,2021 week 6
1884,37,demand,8888.349813170888,ime,2021 week 6
1885,38,demand,9090.934275159889,ime,2021 week 6
1886,39,demand,8999.56041352298,ime,2021 week 6
1887,40,demand,9219.884433169122,ime,2021 week 6
1888,41,demand,9415.819932994473,ime,2021 week 6
1889,42,demand,9241.338479743023,ime,2021 week 6
1890,43,demand,8842.36477974302,ime,2021 week 6
1891,44,demand,9178.745479743024,ime,2021 week 6
1892,45,demand,8939.426479743022,ime,2021 week 6
1893,46,demand,8428.671541554579,ime,2021 week 6
1894,47,demand,7695.070432817029,ime,2021 week 6
1895,48,demand,7072.084087161271,ime,2021 week 6
1896,49,demand,6785.603640926675,ime,2021 week 6
1897,50,demand,6656.619740926676,ime,2021 week 6
1898,51,demand,6656.619740926678,ime,2021 week 6
1899,52,demand,6656.619740926679,ime,2021 week 6
1900,53,demand,6656.619740926677,ime,2021 week 6
1901,54,demand,7563.001134483602,ime,2021 week 6
1902,55,demand,8119.958443815462,ime,2021 week 6
1903,56,demand,8249.895543815463,ime,2021 week 6
1904,57,demand,8786.72369990146,ime,2021 week 6
1905,58,demand,9185.53290256676,ime,2021 week 6
1906,59,demand,9938.067119482446,ime,2021 week 6
1907,60,demand,9112.411059038304,ime,2021 week 6
1908,61,demand,8955.717759038303,ime,2021 week 6
1909,62,demand,9154.085878730302,ime,2021 week 6
1910,63,demand,9060.214345617522,ime,2021 week 6
1911,64,demand,9276.371246480761,ime,2021 week 6
1912,65,demand,9468.082112848115,ime,2021 week 6
1913,66,demand,9297.205441668464,ime,2021 week 6
1914,67,demand,8906.424241668463,ime,2021 week 6
1915,68,demand,9235.897741668463,ime,2021 week 6
1916,69,demand,9001.49294166846,ime,2021 week 6
1917,70,demand,8501.426543815462,ime,2021 week 6
1918,71,demand,7782.923595303117,ime,2021 week 6
1919,72,demand,7176.784204618336,ime,2021 week 6
1920,73,demand,6774.195998750034,ime,2021 week 6
1921,74,demand,6648.520598750136,ime,2021 week 6
1922,75,demand,6648.520598750136,ime,2021 week 6
1923,76,demand,6648.520598750136,ime,2021 week 6
1924,77,demand,6650.178276484412,ime,2021 week 6
1925,78,demand,7543.761373225732,ime,2021 week 6
1926,79,demand,8092.0511819144685,ime,2021 week 6
1927,80,demand,8219.862481914466,ime,2021 week 6
1928,81,demand,8747.939615514466,ime,2021 week 6
1929,82,demand,9140.10081464779,ime,2021 week 6
1930,83,demand,9887.276514733463,ime,2021 week 6
1931,84,demand,9062.9800528336,ime,2021 week 6
1932,85,demand,8908.680488877713,ime,2021 week 6
1933,86,demand,9092.838392591906,ime,2021 week 6
1934,87,demand,8999.157561385751,ime,2021 week 6
1935,88,demand,9212.028226819068,ime,2021 week 6
1936,89,demand,9400.480713683377,ime,2021 week 6
1937,90,demand,9232.428286633718,ime,2021 week 6
1938,91,demand,8848.040486633721,ime,2021 week 6
1939,92,demand,9172.12358663372,ime,2021 week 6
1940,93,demand,8941.553886633721,ime,2021 week 6
1941,94,demand,8449.790172982795,ime,2021 week 6
1942,95,demand,7743.047941010453,ime,2021 week 6
1943,96,demand,7143.007259140839,ime,2021 week 6
1944,97,demand,6766.884679075433,ime,2021 week 6
1945,98,demand,6644.426614035494,ime,2021 week 6
1946,99,demand,6644.426614035494,ime,2021 week 6
1947,100,demand,6644.426614035492,ime,2021 week 6
1948,101,demand,6644.426614035494,ime,2021 week 6
1949,102,demand,7523.018120427518,ime,2021 week 6
1950,103,demand,8064.140436643109,ime,2021 week 6
1951,104,demand,8190.275636643013,ime,2021 week 6
1952,105,demand,8693.938970245526,ime,2021 week 6
1953,106,demand,9081.032756603334,ime,2021 week 6
1954,107,demand,9823.844542367828,ime,2021 week 6
1955,108,demand,9005.770523692981,ime,2021 week 6
1956,109,demand,8853.662123692982,ime,2021 week 6
1957,110,demand,9046.151282728983,ime,2021 week 6
1958,111,demand,8959.273659810351,ime,2021 week 6
1959,112,demand,9169.225549374332,ime,2021 week 6
1960,113,demand,9355.308507910924,ime,2021 week 6
1961,114,demand,9189.478898634488,ime,2021 week 6
1962,115,demand,8810.131898634489,ime,2021 week 6
1963,116,demand,9129.964998634488,ime,2021 week 6
1964,117,demand,8902.418898634487,ime,2021 week 6
1965,118,demand,8417.001963016526,ime,2021 week 6
1966,119,demand,7719.550113256961,ime,2021 week 6
1967,120,demand,7127.2116270768565,ime,2021 week 6
1968,121,demand,6751.461126329976,ime,2021 week 6
1969,122,demand,6628.394326329973,ime,2021 week 6
1970,123,demand,6628.825321459453,ime,2021 week 6
1971,124,demand,6632.383353579185,ime,2021 week 6
1972,125,demand,6632.383353579186,ime,2021 week 6
1973,126,demand,7509.032285774344,ime,2021 week 6
1974,127,demand,8046.856344827118,ime,2021 week 6
1975,128,demand,8172.991544827117,ime,2021 week 6
1976,129,demand,8694.099652056118,ime,2021 week 6
1977,130,demand,9081.193438413924,ime,2021 week 6
1978,131,demand,9824.156130468278,ime,2021 week 6
1979,132,demand,9006.082111793432,ime,2021 week 6
1980,133,demand,8853.973711793433,ime,2021 week 6
1981,134,demand,9046.46287082943,ime,2021 week 6
1982,135,demand,8959.5852479108,ime,2021 week 6
1983,136,demand,9169.386231184923,ime,2021 week 6
1984,137,demand,9355.564443722522,ime,2021 week 6
1985,138,demand,9189.734834446086,ime,2021 week 6
1986,139,demand,8814.578617839368,ime,2021 week 6
1987,140,demand,9130.220934446088,ime,2021 week 6
1988,141,demand,8902.674834446087,ime,2021 week 6
1989,142,demand,8417.162644827116,ime,2021 week 6
1990,143,demand,7719.710795067553,ime,2021 week 6
1991,144,demand,7127.3723088874485,ime,2021 week 6
1992,145,demand,6593.247703964118,ime,2021 week 6
1993,146,demand,6481.028703964119,ime,2021 week 6
1994,147,demand,6485.019379086818,ime,2021 week 6
1995,148,demand,6494.36860101641,ime,2021 week 6
1996,149,demand,6494.997044991927,ime,2021 week 6
1997,150,demand,7322.990889011258,ime,2021 week 6
1998,151,demand,7834.213950685005,ime,2021 week 6
1999,152,demand,7949.8749138913445,ime,2021 week 6
2000,153,demand,8428.622517865435,ime,2021 week 6
2001,154,demand,8794.323756850186,ime,2021 week 6
2002,155,demand,9519.582951949265,ime,2021 week 6
2003,156,demand,8723.421089234596,ime,2021 week 6
2004,157,demand,8579.718089234597,ime,2021 week 6
2005,158,demand,8761.628150633596,ime,2021 week 6
2006,159,demand,8679.553028483922,ime,2021 week 6
2007,160,demand,8877.638814637186,ime,2021 week 6
2008,161,demand,9053.620683191693,ime,2021 week 6
2009,162,demand,8901.149211214428,ime,2021 week 6
2010,163,demand,8544.215049089978,ime,2021 week 6
2011,164,demand,8844.924011214427,ime,2021 week 6
2012,165,demand,8630.805747163851,ime,2021 week 6
2013,166,demand,8177.067101159673,ime,2021 week 6
2014,167,demand,7520.78608859552,ime,2021 week 6
2015,168,demand,6958.629167293931,ime,2021 week 6
