Time_Index,None,HL_Coal,IME_Coal,JL_Coal,LN_Coal,SD_Coal,JB_Coal,HL_Gas,IME_Gas,JL_Gas,LN_Gas,SD_Gas,JB_Gas
0,0,5.310850135,4.588362969,5.138940342,4.961898914,999,999,14.70532643,999,999,13.72245114,999,999
1,0,5.310850135,4.588362969,5.138940342,4.961898914,999,999,14.70532643,999,999,13.72245114,999,999
2,0,5.310850135,4.588362969,5.138940342,4.961898914,999,999,14.70532643,999,999,13.72245114,999,999
3,0,5.310850135,4.588362969,5.138940342,4.961898914,999,999,14.70532643,999,999,13.72245114,999,999
4,0,5.310850135,4.588362969,5.138940342,4.961898914,999,999,14.70532643,999,999,13.72245114,999,999
5,0,5.310850135,4.588362969,5.138940342,4.961898914,999,999,14.70532643,999,999,13.72245114,999,999
6,0,5.310850135,4.588362969,5.138940342,4.961898914,999,999,14.70532643,999,999,13.72245114,999,999
7,0,5.310850135,4.588362969,5.138940342,4.961898914,999,999,14.70532643,999,999,13.72245114,999,999
8,0,5.310850135,4.588362969,5.138940342,4.961898914,999,999,14.70532643,999,999,13.72245114,999,999
9,0,5.310850135,4.588362969,5.138940342,4.961898914,999,999,14.70532643,999,999,13.72245114,999,999
10,0,5.310850135,4.588362969,5.138940342,4.961898914,999,999,14.70532643,999,999,13.72245114,999,999
11,0,5.310850135,4.588362969,5.138940342,4.961898914,999,999,14.70532643,999,999,13.72245114,999,999
12,0,5.310850135,4.588362969,5.138940342,4.961898914,999,999,14.70532643,999,999,13.72245114,999,999
13,0,5.310850135,4.588362969,5.138940342,4.961898914,999,999,14.70532643,999,999,13.72245114,999,999
14,0,5.310850135,4.588362969,5.138940342,4.961898914,999,999,14.70532643,999,999,13.72245114,999,999
15,0,5.310850135,4.588362969,5.138940342,4.961898914,999,999,14.70532643,999,999,13.72245114,999,999
16,0,5.310850135,4.588362969,5.138940342,4.961898914,999,999,14.70532643,999,999,13.72245114,999,999
17,0,5.310850135,4.588362969,5.138940342,4.961898914,999,999,14.70532643,999,999,13.72245114,999,999
18,0,5.310850135,4.588362969,5.138940342,4.961898914,999,999,14.70532643,999,999,13.72245114,999,999
19,0,5.310850135,4.588362969,5.138940342,4.961898914,999,999,14.70532643,999,999,13.72245114,999,999
20,0,5.310850135,4.588362969,5.138940342,4.961898914,999,999,14.70532643,999,999,13.72245114,999,999
21,0,5.310850135,4.588362969,5.138940342,4.961898914,999,999,14.70532643,999,999,13.72245114,999,999
22,0,5.310850135,4.588362969,5.138940342,4.961898914,999,999,14.70532643,999,999,13.72245114,999,999
23,0,5.310850135,4.588362969,5.138940342,4.961898914,999,999,14.70532643,999,999,13.72245114,999,999
24,0,5.310850135,4.588362969,5.138940342,4.961898914,999,999,14.70532643,999,999,13.72245114,999,999
25,0,5.310850135,4.588362969,5.138940342,4.961898914,999,999,14.70532643,999,999,13.72245114,999,999
26,0,5.310850135,4.588362969,5.138940342,4.961898914,999,999,14.70532643,999,999,13.72245114,999,999
27,0,5.310850135,4.588362969,5.138940342,4.961898914,999,999,14.70532643,999,999,13.72245114,999,999
28,0,5.310850135,4.588362969,5.138940342,4.961898914,999,999,14.70532643,999,999,13.72245114,999,999
29,0,5.310850135,4.588362969,5.138940342,4.961898914,999,999,14.70532643,999,999,13.72245114,999,999
30,0,5.310850135,4.588362969,5.138940342,4.961898914,999,999,14.70532643,999,999,13.72245114,999,999
31,0,5.310850135,4.588362969,5.138940342,4.961898914,999,999,14.70532643,999,999,13.72245114,999,999
32,0,5.310850135,4.588362969,5.138940342,4.961898914,999,999,14.70532643,999,999,13.72245114,999,999
33,0,5.310850135,4.588362969,5.138940342,4.961898914,999,999,14.70532643,999,999,13.72245114,999,999
34,0,5.310850135,4.588362969,5.138940342,4.961898914,999,999,14.70532643,999,999,13.72245114,999,999
35,0,5.310850135,4.588362969,5.138940342,4.961898914,999,999,14.70532643,999,999,13.72245114,999,999
36,0,5.310850135,4.588362969,5.138940342,4.961898914,999,999,14.70532643,999,999,13.72245114,999,999
37,0,5.310850135,4.588362969,5.138940342,4.961898914,999,999,14.70532643,999,999,13.72245114,999,999
38,0,5.310850135,4.588362969,5.138940342,4.961898914,999,999,14.70532643,999,999,13.72245114,999,999
39,0,5.310850135,4.588362969,5.138940342,4.961898914,999,999,14.70532643,999,999,13.72245114,999,999
40,0,5.310850135,4.588362969,5.138940342,4.961898914,999,999,14.70532643,999,999,13.72245114,999,999
41,0,5.310850135,4.588362969,5.138940342,4.961898914,999,999,14.70532643,999,999,13.72245114,999,999
42,0,5.310850135,4.588362969,5.138940342,4.961898914,999,999,14.70532643,999,999,13.72245114,999,999
43,0,5.310850135,4.588362969,5.138940342,4.961898914,999,999,14.70532643,999,999,13.72245114,999,999
44,0,5.310850135,4.588362969,5.138940342,4.961898914,999,999,14.70532643,999,999,13.72245114,999,999
45,0,5.310850135,4.588362969,5.138940342,4.961898914,999,999,14.70532643,999,999,13.72245114,999,999
46,0,5.310850135,4.588362969,5.138940342,4.961898914,999,999,14.70532643,999,999,13.72245114,999,999
47,0,5.310850135,4.588362969,5.138940342,4.961898914,999,999,14.70532643,999,999,13.72245114,999,999
48,0,5.310850135,4.588362969,5.138940342,4.961898914,999,999,14.70532643,999,999,13.72245114,999,999
49,0,5.310850135,4.588362969,5.138940342,4.961898914,999,999,14.70532643,999,999,13.72245114,999,999
50,0,5.310850135,4.588362969,5.138940342,4.961898914,999,999,14.70532643,999,999,13.72245114,999,999
51,0,5.310850135,4.588362969,5.138940342,4.961898914,999,999,14.70532643,999,999,13.72245114,999,999
52,0,5.310850135,4.588362969,5.138940342,4.961898914,999,999,14.70532643,999,999,13.72245114,999,999
53,0,5.310850135,4.588362969,5.138940342,4.961898914,999,999,14.70532643,999,999,13.72245114,999,999
54,0,5.310850135,4.588362969,5.138940342,4.961898914,999,999,14.70532643,999,999,13.72245114,999,999
55,0,5.310850135,4.588362969,5.138940342,4.961898914,999,999,14.70532643,999,999,13.72245114,999,999
56,0,5.310850135,4.588362969,5.138940342,4.961898914,999,999,14.70532643,999,999,13.72245114,999,999
57,0,5.310850135,4.588362969,5.138940342,4.961898914,999,999,14.70532643,999,999,13.72245114,999,999
58,0,5.310850135,4.588362969,5.138940342,4.961898914,999,999,14.70532643,999,999,13.72245114,999,999
59,0,5.310850135,4.588362969,5.138940342,4.961898914,999,999,14.70532643,999,999,13.72245114,999,999
60,0,5.310850135,4.588362969,5.138940342,4.961898914,999,999,14.70532643,999,999,13.72245114,999,999
61,0,5.310850135,4.588362969,5.138940342,4.961898914,999,999,14.70532643,999,999,13.72245114,999,999
62,0,5.310850135,4.588362969,5.138940342,4.961898914,999,999,14.70532643,999,999,13.72245114,999,999
63,0,5.310850135,4.588362969,5.138940342,4.961898914,999,999,14.70532643,999,999,13.72245114,999,999
64,0,5.310850135,4.588362969,5.138940342,4.961898914,999,999,14.70532643,999,999,13.72245114,999,999
65,0,5.310850135,4.588362969,5.138940342,4.961898914,999,999,14.70532643,999,999,13.72245114,999,999
66,0,5.310850135,4.588362969,5.138940342,4.961898914,999,999,14.70532643,999,999,13.72245114,999,999
67,0,5.310850135,4.588362969,5.138940342,4.961898914,999,999,14.70532643,999,999,13.72245114,999,999
68,0,5.310850135,4.588362969,5.138940342,4.961898914,999,999,14.70532643,999,999,13.72245114,999,999
69,0,5.310850135,4.588362969,5.138940342,4.961898914,999,999,14.70532643,999,999,13.72245114,999,999
70,0,5.310850135,4.588362969,5.138940342,4.961898914,999,999,14.70532643,999,999,13.72245114,999,999
71,0,5.310850135,4.588362969,5.138940342,4.961898914,999,999,14.70532643,999,999,13.72245114,999,999
72,0,5.310850135,4.588362969,5.138940342,4.961898914,999,999,14.70532643,999,999,13.72245114,999,999
73,0,5.310850135,4.588362969,5.138940342,4.961898914,999,999,14.70532643,999,999,13.72245114,999,999
74,0,5.310850135,4.588362969,5.138940342,4.961898914,999,999,14.70532643,999,999,13.72245114,999,999
75,0,5.310850135,4.588362969,5.138940342,4.961898914,999,999,14.70532643,999,999,13.72245114,999,999
76,0,5.310850135,4.588362969,5.138940342,4.961898914,999,999,14.70532643,999,999,13.72245114,999,999
77,0,5.310850135,4.588362969,5.138940342,4.961898914,999,999,14.70532643,999,999,13.72245114,999,999
78,0,5.310850135,4.588362969,5.138940342,4.961898914,999,999,14.70532643,999,999,13.72245114,999,999
79,0,5.310850135,4.588362969,5.138940342,4.961898914,999,999,14.70532643,999,999,13.72245114,999,999
80,0,5.310850135,4.588362969,5.138940342,4.961898914,999,999,14.70532643,999,999,13.72245114,999,999
81,0,5.310850135,4.588362969,5.138940342,4.961898914,999,999,14.70532643,999,999,13.72245114,999,999
82,0,5.310850135,4.588362969,5.138940342,4.961898914,999,999,14.70532643,999,999,13.72245114,999,999
83,0,5.310850135,4.588362969,5.138940342,4.961898914,999,999,14.70532643,999,999,13.72245114,999,999
84,0,5.310850135,4.588362969,5.138940342,4.961898914,999,999,14.70532643,999,999,13.72245114,999,999
85,0,5.310850135,4.588362969,5.138940342,4.961898914,999,999,14.70532643,999,999,13.72245114,999,999
86,0,5.310850135,4.588362969,5.138940342,4.961898914,999,999,14.70532643,999,999,13.72245114,999,999
87,0,5.310850135,4.588362969,5.138940342,4.961898914,999,999,14.70532643,999,999,13.72245114,999,999
88,0,5.310850135,4.588362969,5.138940342,4.961898914,999,999,14.70532643,999,999,13.72245114,999,999
89,0,5.310850135,4.588362969,5.138940342,4.961898914,999,999,14.70532643,999,999,13.72245114,999,999
90,0,5.310850135,4.588362969,5.138940342,4.961898914,999,999,14.70532643,999,999,13.72245114,999,999
91,0,5.310850135,4.588362969,5.138940342,4.961898914,999,999,14.70532643,999,999,13.72245114,999,999
92,0,5.310850135,4.588362969,5.138940342,4.961898914,999,999,14.70532643,999,999,13.72245114,999,999
93,0,5.310850135,4.588362969,5.138940342,4.961898914,999,999,14.70532643,999,999,13.72245114,999,999
94,0,5.310850135,4.588362969,5.138940342,4.961898914,999,999,14.70532643,999,999,13.72245114,999,999
95,0,5.310850135,4.588362969,5.138940342,4.961898914,999,999,14.70532643,999,999,13.72245114,999,999
96,0,5.310850135,4.588362969,5.138940342,4.961898914,999,999,14.70532643,999,999,13.72245114,999,999
97,0,5.310850135,4.588362969,5.138940342,4.961898914,999,999,14.70532643,999,999,13.72245114,999,999
98,0,5.310850135,4.588362969,5.138940342,4.961898914,999,999,14.70532643,999,999,13.72245114,999,999
99,0,5.310850135,4.588362969,5.138940342,4.961898914,999,999,14.70532643,999,999,13.72245114,999,999
100,0,5.310850135,4.588362969,5.138940342,4.961898914,999,999,14.70532643,999,999,13.72245114,999,999
101,0,5.310850135,4.588362969,5.138940342,4.961898914,999,999,14.70532643,999,999,13.72245114,999,999
102,0,5.310850135,4.588362969,5.138940342,4.961898914,999,999,14.70532643,999,999,13.72245114,999,999
103,0,5.310850135,4.588362969,5.138940342,4.961898914,999,999,14.70532643,999,999,13.72245114,999,999
104,0,5.310850135,4.588362969,5.138940342,4.961898914,999,999,14.70532643,999,999,13.72245114,999,999
105,0,5.310850135,4.588362969,5.138940342,4.961898914,999,999,14.70532643,999,999,13.72245114,999,999
106,0,5.310850135,4.588362969,5.138940342,4.961898914,999,999,14.70532643,999,999,13.72245114,999,999
107,0,5.310850135,4.588362969,5.138940342,4.961898914,999,999,14.70532643,999,999,13.72245114,999,999
108,0,5.310850135,4.588362969,5.138940342,4.961898914,999,999,14.70532643,999,999,13.72245114,999,999
109,0,5.310850135,4.588362969,5.138940342,4.961898914,999,999,14.70532643,999,999,13.72245114,999,999
110,0,5.310850135,4.588362969,5.138940342,4.961898914,999,999,14.70532643,999,999,13.72245114,999,999
111,0,5.310850135,4.588362969,5.138940342,4.961898914,999,999,14.70532643,999,999,13.72245114,999,999
112,0,5.310850135,4.588362969,5.138940342,4.961898914,999,999,14.70532643,999,999,13.72245114,999,999
113,0,5.310850135,4.588362969,5.138940342,4.961898914,999,999,14.70532643,999,999,13.72245114,999,999
114,0,5.310850135,4.588362969,5.138940342,4.961898914,999,999,14.70532643,999,999,13.72245114,999,999
115,0,5.310850135,4.588362969,5.138940342,4.961898914,999,999,14.70532643,999,999,13.72245114,999,999
116,0,5.310850135,4.588362969,5.138940342,4.961898914,999,999,14.70532643,999,999,13.72245114,999,999
117,0,5.310850135,4.588362969,5.138940342,4.961898914,999,999,14.70532643,999,999,13.72245114,999,999
118,0,5.310850135,4.588362969,5.138940342,4.961898914,999,999,14.70532643,999,999,13.72245114,999,999
119,0,5.310850135,4.588362969,5.138940342,4.961898914,999,999,14.70532643,999,999,13.72245114,999,999
120,0,5.310850135,4.588362969,5.138940342,4.961898914,999,999,14.70532643,999,999,13.72245114,999,999
121,0,5.310850135,4.588362969,5.138940342,4.961898914,999,999,14.70532643,999,999,13.72245114,999,999
122,0,5.310850135,4.588362969,5.138940342,4.961898914,999,999,14.70532643,999,999,13.72245114,999,999
123,0,5.310850135,4.588362969,5.138940342,4.961898914,999,999,14.70532643,999,999,13.72245114,999,999
124,0,5.310850135,4.588362969,5.138940342,4.961898914,999,999,14.70532643,999,999,13.72245114,999,999
125,0,5.310850135,4.588362969,5.138940342,4.961898914,999,999,14.70532643,999,999,13.72245114,999,999
126,0,5.310850135,4.588362969,5.138940342,4.961898914,999,999,14.70532643,999,999,13.72245114,999,999
127,0,5.310850135,4.588362969,5.138940342,4.961898914,999,999,14.70532643,999,999,13.72245114,999,999
128,0,5.310850135,4.588362969,5.138940342,4.961898914,999,999,14.70532643,999,999,13.72245114,999,999
129,0,5.310850135,4.588362969,5.138940342,4.961898914,999,999,14.70532643,999,999,13.72245114,999,999
130,0,5.310850135,4.588362969,5.138940342,4.961898914,999,999,14.70532643,999,999,13.72245114,999,999
131,0,5.310850135,4.588362969,5.138940342,4.961898914,999,999,14.70532643,999,999,13.72245114,999,999
132,0,5.310850135,4.588362969,5.138940342,4.961898914,999,999,14.70532643,999,999,13.72245114,999,999
133,0,5.310850135,4.588362969,5.138940342,4.961898914,999,999,14.70532643,999,999,13.72245114,999,999
134,0,5.310850135,4.588362969,5.138940342,4.961898914,999,999,14.70532643,999,999,13.72245114,999,999
135,0,5.310850135,4.588362969,5.138940342,4.961898914,999,999,14.70532643,999,999,13.72245114,999,999
136,0,5.310850135,4.588362969,5.138940342,4.961898914,999,999,14.70532643,999,999,13.72245114,999,999
137,0,5.310850135,4.588362969,5.138940342,4.961898914,999,999,14.70532643,999,999,13.72245114,999,999
138,0,5.310850135,4.588362969,5.138940342,4.961898914,999,999,14.70532643,999,999,13.72245114,999,999
139,0,5.310850135,4.588362969,5.138940342,4.961898914,999,999,14.70532643,999,999,13.72245114,999,999
140,0,5.310850135,4.588362969,5.138940342,4.961898914,999,999,14.70532643,999,999,13.72245114,999,999
141,0,5.310850135,4.588362969,5.138940342,4.961898914,999,999,14.70532643,999,999,13.72245114,999,999
142,0,5.310850135,4.588362969,5.138940342,4.961898914,999,999,14.70532643,999,999,13.72245114,999,999
143,0,5.310850135,4.588362969,5.138940342,4.961898914,999,999,14.70532643,999,999,13.72245114,999,999
144,0,5.310850135,4.588362969,5.138940342,4.961898914,999,999,14.70532643,999,999,13.72245114,999,999
145,0,5.310850135,4.588362969,5.138940342,4.961898914,999,999,14.70532643,999,999,13.72245114,999,999
146,0,5.310850135,4.588362969,5.138940342,4.961898914,999,999,14.70532643,999,999,13.72245114,999,999
147,0,5.310850135,4.588362969,5.138940342,4.961898914,999,999,14.70532643,999,999,13.72245114,999,999
148,0,5.310850135,4.588362969,5.138940342,4.961898914,999,999,14.70532643,999,999,13.72245114,999,999
149,0,5.310850135,4.588362969,5.138940342,4.961898914,999,999,14.70532643,999,999,13.72245114,999,999
150,0,5.310850135,4.588362969,5.138940342,4.961898914,999,999,14.70532643,999,999,13.72245114,999,999
151,0,5.310850135,4.588362969,5.138940342,4.961898914,999,999,14.70532643,999,999,13.72245114,999,999
152,0,5.310850135,4.588362969,5.138940342,4.961898914,999,999,14.70532643,999,999,13.72245114,999,999
153,0,5.310850135,4.588362969,5.138940342,4.961898914,999,999,14.70532643,999,999,13.72245114,999,999
154,0,5.310850135,4.588362969,5.138940342,4.961898914,999,999,14.70532643,999,999,13.72245114,999,999
155,0,5.310850135,4.588362969,5.138940342,4.961898914,999,999,14.70532643,999,999,13.72245114,999,999
156,0,5.310850135,4.588362969,5.138940342,4.961898914,999,999,14.70532643,999,999,13.72245114,999,999
157,0,5.310850135,4.588362969,5.138940342,4.961898914,999,999,14.70532643,999,999,13.72245114,999,999
158,0,5.310850135,4.588362969,5.138940342,4.961898914,999,999,14.70532643,999,999,13.72245114,999,999
159,0,5.310850135,4.588362969,5.138940342,4.961898914,999,999,14.70532643,999,999,13.72245114,999,999
160,0,5.310850135,4.588362969,5.138940342,4.961898914,999,999,14.70532643,999,999,13.72245114,999,999
161,0,5.310850135,4.588362969,5.138940342,4.961898914,999,999,14.70532643,999,999,13.72245114,999,999
162,0,5.310850135,4.588362969,5.138940342,4.961898914,999,999,14.70532643,999,999,13.72245114,999,999
163,0,5.310850135,4.588362969,5.138940342,4.961898914,999,999,14.70532643,999,999,13.72245114,999,999
164,0,5.310850135,4.588362969,5.138940342,4.961898914,999,999,14.70532643,999,999,13.72245114,999,999
165,0,5.310850135,4.588362969,5.138940342,4.961898914,999,999,14.70532643,999,999,13.72245114,999,999
166,0,5.310850135,4.588362969,5.138940342,4.961898914,999,999,14.70532643,999,999,13.72245114,999,999
167,0,5.310850135,4.588362969,5.138940342,4.961898914,999,999,14.70532643,999,999,13.72245114,999,999
168,0,5.310850135,4.588362969,5.138940342,4.961898914,999,999,14.70532643,999,999,13.72245114,999,999
169,0,5.310850135,4.588362969,5.138940342,4.961898914,999,999,14.70532643,999,999,13.72245114,999,999
170,0,5.310850135,4.588362969,5.138940342,4.961898914,999,999,14.70532643,999,999,13.72245114,999,999
171,0,5.310850135,4.588362969,5.138940342,4.961898914,999,999,14.70532643,999,999,13.72245114,999,999
172,0,5.310850135,4.588362969,5.138940342,4.961898914,999,999,14.70532643,999,999,13.72245114,999,999
173,0,5.310850135,4.588362969,5.138940342,4.961898914,999,999,14.70532643,999,999,13.72245114,999,999
174,0,5.310850135,4.588362969,5.138940342,4.961898914,999,999,14.70532643,999,999,13.72245114,999,999
175,0,5.310850135,4.588362969,5.138940342,4.961898914,999,999,14.70532643,999,999,13.72245114,999,999
176,0,5.310850135,4.588362969,5.138940342,4.961898914,999,999,14.70532643,999,999,13.72245114,999,999
177,0,5.310850135,4.588362969,5.138940342,4.961898914,999,999,14.70532643,999,999,13.72245114,999,999
178,0,5.310850135,4.588362969,5.138940342,4.961898914,999,999,14.70532643,999,999,13.72245114,999,999
179,0,5.310850135,4.588362969,5.138940342,4.961898914,999,999,14.70532643,999,999,13.72245114,999,999
180,0,5.310850135,4.588362969,5.138940342,4.961898914,999,999,14.70532643,999,999,13.72245114,999,999
181,0,5.310850135,4.588362969,5.138940342,4.961898914,999,999,14.70532643,999,999,13.72245114,999,999
182,0,5.310850135,4.588362969,5.138940342,4.961898914,999,999,14.70532643,999,999,13.72245114,999,999
183,0,5.310850135,4.588362969,5.138940342,4.961898914,999,999,14.70532643,999,999,13.72245114,999,999
184,0,5.310850135,4.588362969,5.138940342,4.961898914,999,999,14.70532643,999,999,13.72245114,999,999
185,0,5.310850135,4.588362969,5.138940342,4.961898914,999,999,14.70532643,999,999,13.72245114,999,999
186,0,5.310850135,4.588362969,5.138940342,4.961898914,999,999,14.70532643,999,999,13.72245114,999,999
187,0,5.310850135,4.588362969,5.138940342,4.961898914,999,999,14.70532643,999,999,13.72245114,999,999
188,0,5.310850135,4.588362969,5.138940342,4.961898914,999,999,14.70532643,999,999,13.72245114,999,999
189,0,5.310850135,4.588362969,5.138940342,4.961898914,999,999,14.70532643,999,999,13.72245114,999,999
190,0,5.310850135,4.588362969,5.138940342,4.961898914,999,999,14.70532643,999,999,13.72245114,999,999
191,0,5.310850135,4.588362969,5.138940342,4.961898914,999,999,14.70532643,999,999,13.72245114,999,999
192,0,5.310850135,4.588362969,5.138940342,4.961898914,999,999,14.70532643,999,999,13.72245114,999,999
193,0,5.310850135,4.588362969,5.138940342,4.961898914,999,999,14.70532643,999,999,13.72245114,999,999
194,0,5.310850135,4.588362969,5.138940342,4.961898914,999,999,14.70532643,999,999,13.72245114,999,999
195,0,5.310850135,4.588362969,5.138940342,4.961898914,999,999,14.70532643,999,999,13.72245114,999,999
196,0,5.310850135,4.588362969,5.138940342,4.961898914,999,999,14.70532643,999,999,13.72245114,999,999
197,0,5.310850135,4.588362969,5.138940342,4.961898914,999,999,14.70532643,999,999,13.72245114,999,999
198,0,5.310850135,4.588362969,5.138940342,4.961898914,999,999,14.70532643,999,999,13.72245114,999,999
199,0,5.310850135,4.588362969,5.138940342,4.961898914,999,999,14.70532643,999,999,13.72245114,999,999
200,0,5.310850135,4.588362969,5.138940342,4.961898914,999,999,14.70532643,999,999,13.72245114,999,999
201,0,5.310850135,4.588362969,5.138940342,4.961898914,999,999,14.70532643,999,999,13.72245114,999,999
202,0,5.310850135,4.588362969,5.138940342,4.961898914,999,999,14.70532643,999,999,13.72245114,999,999
203,0,5.310850135,4.588362969,5.138940342,4.961898914,999,999,14.70532643,999,999,13.72245114,999,999
204,0,5.310850135,4.588362969,5.138940342,4.961898914,999,999,14.70532643,999,999,13.72245114,999,999
205,0,5.310850135,4.588362969,5.138940342,4.961898914,999,999,14.70532643,999,999,13.72245114,999,999
206,0,5.310850135,4.588362969,5.138940342,4.961898914,999,999,14.70532643,999,999,13.72245114,999,999
207,0,5.310850135,4.588362969,5.138940342,4.961898914,999,999,14.70532643,999,999,13.72245114,999,999
208,0,5.310850135,4.588362969,5.138940342,4.961898914,999,999,14.70532643,999,999,13.72245114,999,999
209,0,5.310850135,4.588362969,5.138940342,4.961898914,999,999,14.70532643,999,999,13.72245114,999,999
210,0,5.310850135,4.588362969,5.138940342,4.961898914,999,999,14.70532643,999,999,13.72245114,999,999
211,0,5.310850135,4.588362969,5.138940342,4.961898914,999,999,14.70532643,999,999,13.72245114,999,999
212,0,5.310850135,4.588362969,5.138940342,4.961898914,999,999,14.70532643,999,999,13.72245114,999,999
213,0,5.310850135,4.588362969,5.138940342,4.961898914,999,999,14.70532643,999,999,13.72245114,999,999
214,0,5.310850135,4.588362969,5.138940342,4.961898914,999,999,14.70532643,999,999,13.72245114,999,999
215,0,5.310850135,4.588362969,5.138940342,4.961898914,999,999,14.70532643,999,999,13.72245114,999,999
216,0,5.310850135,4.588362969,5.138940342,4.961898914,999,999,14.70532643,999,999,13.72245114,999,999
217,0,5.310850135,4.588362969,5.138940342,4.961898914,999,999,14.70532643,999,999,13.72245114,999,999
218,0,5.310850135,4.588362969,5.138940342,4.961898914,999,999,14.70532643,999,999,13.72245114,999,999
219,0,5.310850135,4.588362969,5.138940342,4.961898914,999,999,14.70532643,999,999,13.72245114,999,999
220,0,5.310850135,4.588362969,5.138940342,4.961898914,999,999,14.70532643,999,999,13.72245114,999,999
221,0,5.310850135,4.588362969,5.138940342,4.961898914,999,999,14.70532643,999,999,13.72245114,999,999
222,0,5.310850135,4.588362969,5.138940342,4.961898914,999,999,14.70532643,999,999,13.72245114,999,999
223,0,5.310850135,4.588362969,5.138940342,4.961898914,999,999,14.70532643,999,999,13.72245114,999,999
224,0,5.310850135,4.588362969,5.138940342,4.961898914,999,999,14.70532643,999,999,13.72245114,999,999
225,0,5.310850135,4.588362969,5.138940342,4.961898914,999,999,14.70532643,999,999,13.72245114,999,999
226,0,5.310850135,4.588362969,5.138940342,4.961898914,999,999,14.70532643,999,999,13.72245114,999,999
227,0,5.310850135,4.588362969,5.138940342,4.961898914,999,999,14.70532643,999,999,13.72245114,999,999
228,0,5.310850135,4.588362969,5.138940342,4.961898914,999,999,14.70532643,999,999,13.72245114,999,999
229,0,5.310850135,4.588362969,5.138940342,4.961898914,999,999,14.70532643,999,999,13.72245114,999,999
230,0,5.310850135,4.588362969,5.138940342,4.961898914,999,999,14.70532643,999,999,13.72245114,999,999
231,0,5.310850135,4.588362969,5.138940342,4.961898914,999,999,14.70532643,999,999,13.72245114,999,999
232,0,5.310850135,4.588362969,5.138940342,4.961898914,999,999,14.70532643,999,999,13.72245114,999,999
233,0,5.310850135,4.588362969,5.138940342,4.961898914,999,999,14.70532643,999,999,13.72245114,999,999
234,0,5.310850135,4.588362969,5.138940342,4.961898914,999,999,14.70532643,999,999,13.72245114,999,999
235,0,5.310850135,4.588362969,5.138940342,4.961898914,999,999,14.70532643,999,999,13.72245114,999,999
236,0,5.310850135,4.588362969,5.138940342,4.961898914,999,999,14.70532643,999,999,13.72245114,999,999
237,0,5.310850135,4.588362969,5.138940342,4.961898914,999,999,14.70532643,999,999,13.72245114,999,999
238,0,5.310850135,4.588362969,5.138940342,4.961898914,999,999,14.70532643,999,999,13.72245114,999,999
239,0,5.310850135,4.588362969,5.138940342,4.961898914,999,999,14.70532643,999,999,13.72245114,999,999
240,0,5.310850135,4.588362969,5.138940342,4.961898914,999,999,14.70532643,999,999,13.72245114,999,999
241,0,5.310850135,4.588362969,5.138940342,4.961898914,999,999,14.70532643,999,999,13.72245114,999,999
242,0,5.310850135,4.588362969,5.138940342,4.961898914,999,999,14.70532643,999,999,13.72245114,999,999
243,0,5.310850135,4.588362969,5.138940342,4.961898914,999,999,14.70532643,999,999,13.72245114,999,999
244,0,5.310850135,4.588362969,5.138940342,4.961898914,999,999,14.70532643,999,999,13.72245114,999,999
245,0,5.310850135,4.588362969,5.138940342,4.961898914,999,999,14.70532643,999,999,13.72245114,999,999
246,0,5.310850135,4.588362969,5.138940342,4.961898914,999,999,14.70532643,999,999,13.72245114,999,999
247,0,5.310850135,4.588362969,5.138940342,4.961898914,999,999,14.70532643,999,999,13.72245114,999,999
248,0,5.310850135,4.588362969,5.138940342,4.961898914,999,999,14.70532643,999,999,13.72245114,999,999
249,0,5.310850135,4.588362969,5.138940342,4.961898914,999,999,14.70532643,999,999,13.72245114,999,999
250,0,5.310850135,4.588362969,5.138940342,4.961898914,999,999,14.70532643,999,999,13.72245114,999,999
251,0,5.310850135,4.588362969,5.138940342,4.961898914,999,999,14.70532643,999,999,13.72245114,999,999
252,0,5.310850135,4.588362969,5.138940342,4.961898914,999,999,14.70532643,999,999,13.72245114,999,999
253,0,5.310850135,4.588362969,5.138940342,4.961898914,999,999,14.70532643,999,999,13.72245114,999,999
254,0,5.310850135,4.588362969,5.138940342,4.961898914,999,999,14.70532643,999,999,13.72245114,999,999
255,0,5.310850135,4.588362969,5.138940342,4.961898914,999,999,14.70532643,999,999,13.72245114,999,999
256,0,5.310850135,4.588362969,5.138940342,4.961898914,999,999,14.70532643,999,999,13.72245114,999,999
257,0,5.310850135,4.588362969,5.138940342,4.961898914,999,999,14.70532643,999,999,13.72245114,999,999
258,0,5.310850135,4.588362969,5.138940342,4.961898914,999,999,14.70532643,999,999,13.72245114,999,999
259,0,5.310850135,4.588362969,5.138940342,4.961898914,999,999,14.70532643,999,999,13.72245114,999,999
260,0,5.310850135,4.588362969,5.138940342,4.961898914,999,999,14.70532643,999,999,13.72245114,999,999
261,0,5.310850135,4.588362969,5.138940342,4.961898914,999,999,14.70532643,999,999,13.72245114,999,999
262,0,5.310850135,4.588362969,5.138940342,4.961898914,999,999,14.70532643,999,999,13.72245114,999,999
263,0,5.310850135,4.588362969,5.138940342,4.961898914,999,999,14.70532643,999,999,13.72245114,999,999
264,0,5.310850135,4.588362969,5.138940342,4.961898914,999,999,14.70532643,999,999,13.72245114,999,999
265,0,5.310850135,4.588362969,5.138940342,4.961898914,999,999,14.70532643,999,999,13.72245114,999,999
266,0,5.310850135,4.588362969,5.138940342,4.961898914,999,999,14.70532643,999,999,13.72245114,999,999
267,0,5.310850135,4.588362969,5.138940342,4.961898914,999,999,14.70532643,999,999,13.72245114,999,999
268,0,5.310850135,4.588362969,5.138940342,4.961898914,999,999,14.70532643,999,999,13.72245114,999,999
269,0,5.310850135,4.588362969,5.138940342,4.961898914,999,999,14.70532643,999,999,13.72245114,999,999
270,0,5.310850135,4.588362969,5.138940342,4.961898914,999,999,14.70532643,999,999,13.72245114,999,999
271,0,5.310850135,4.588362969,5.138940342,4.961898914,999,999,14.70532643,999,999,13.72245114,999,999
272,0,5.310850135,4.588362969,5.138940342,4.961898914,999,999,14.70532643,999,999,13.72245114,999,999
273,0,5.310850135,4.588362969,5.138940342,4.961898914,999,999,14.70532643,999,999,13.72245114,999,999
274,0,5.310850135,4.588362969,5.138940342,4.961898914,999,999,14.70532643,999,999,13.72245114,999,999
275,0,5.310850135,4.588362969,5.138940342,4.961898914,999,999,14.70532643,999,999,13.72245114,999,999
276,0,5.310850135,4.588362969,5.138940342,4.961898914,999,999,14.70532643,999,999,13.72245114,999,999
277,0,5.310850135,4.588362969,5.138940342,4.961898914,999,999,14.70532643,999,999,13.72245114,999,999
278,0,5.310850135,4.588362969,5.138940342,4.961898914,999,999,14.70532643,999,999,13.72245114,999,999
279,0,5.310850135,4.588362969,5.138940342,4.961898914,999,999,14.70532643,999,999,13.72245114,999,999
280,0,5.310850135,4.588362969,5.138940342,4.961898914,999,999,14.70532643,999,999,13.72245114,999,999
281,0,5.310850135,4.588362969,5.138940342,4.961898914,999,999,14.70532643,999,999,13.72245114,999,999
282,0,5.310850135,4.588362969,5.138940342,4.961898914,999,999,14.70532643,999,999,13.72245114,999,999
283,0,5.310850135,4.588362969,5.138940342,4.961898914,999,999,14.70532643,999,999,13.72245114,999,999
284,0,5.310850135,4.588362969,5.138940342,4.961898914,999,999,14.70532643,999,999,13.72245114,999,999
285,0,5.310850135,4.588362969,5.138940342,4.961898914,999,999,14.70532643,999,999,13.72245114,999,999
286,0,5.310850135,4.588362969,5.138940342,4.961898914,999,999,14.70532643,999,999,13.72245114,999,999
287,0,5.310850135,4.588362969,5.138940342,4.961898914,999,999,14.70532643,999,999,13.72245114,999,999
288,0,5.310850135,4.588362969,5.138940342,4.961898914,999,999,14.70532643,999,999,13.72245114,999,999
289,0,5.310850135,4.588362969,5.138940342,4.961898914,999,999,14.70532643,999,999,13.72245114,999,999
290,0,5.310850135,4.588362969,5.138940342,4.961898914,999,999,14.70532643,999,999,13.72245114,999,999
291,0,5.310850135,4.588362969,5.138940342,4.961898914,999,999,14.70532643,999,999,13.72245114,999,999
292,0,5.310850135,4.588362969,5.138940342,4.961898914,999,999,14.70532643,999,999,13.72245114,999,999
293,0,5.310850135,4.588362969,5.138940342,4.961898914,999,999,14.70532643,999,999,13.72245114,999,999
294,0,5.310850135,4.588362969,5.138940342,4.961898914,999,999,14.70532643,999,999,13.72245114,999,999
295,0,5.310850135,4.588362969,5.138940342,4.961898914,999,999,14.70532643,999,999,13.72245114,999,999
296,0,5.310850135,4.588362969,5.138940342,4.961898914,999,999,14.70532643,999,999,13.72245114,999,999
297,0,5.310850135,4.588362969,5.138940342,4.961898914,999,999,14.70532643,999,999,13.72245114,999,999
298,0,5.310850135,4.588362969,5.138940342,4.961898914,999,999,14.70532643,999,999,13.72245114,999,999
299,0,5.310850135,4.588362969,5.138940342,4.961898914,999,999,14.70532643,999,999,13.72245114,999,999
300,0,5.310850135,4.588362969,5.138940342,4.961898914,999,999,14.70532643,999,999,13.72245114,999,999
301,0,5.310850135,4.588362969,5.138940342,4.961898914,999,999,14.70532643,999,999,13.72245114,999,999
302,0,5.310850135,4.588362969,5.138940342,4.961898914,999,999,14.70532643,999,999,13.72245114,999,999
303,0,5.310850135,4.588362969,5.138940342,4.961898914,999,999,14.70532643,999,999,13.72245114,999,999
304,0,5.310850135,4.588362969,5.138940342,4.961898914,999,999,14.70532643,999,999,13.72245114,999,999
305,0,5.310850135,4.588362969,5.138940342,4.961898914,999,999,14.70532643,999,999,13.72245114,999,999
306,0,5.310850135,4.588362969,5.138940342,4.961898914,999,999,14.70532643,999,999,13.72245114,999,999
307,0,5.310850135,4.588362969,5.138940342,4.961898914,999,999,14.70532643,999,999,13.72245114,999,999
308,0,5.310850135,4.588362969,5.138940342,4.961898914,999,999,14.70532643,999,999,13.72245114,999,999
309,0,5.310850135,4.588362969,5.138940342,4.961898914,999,999,14.70532643,999,999,13.72245114,999,999
310,0,5.310850135,4.588362969,5.138940342,4.961898914,999,999,14.70532643,999,999,13.72245114,999,999
311,0,5.310850135,4.588362969,5.138940342,4.961898914,999,999,14.70532643,999,999,13.72245114,999,999
312,0,5.310850135,4.588362969,5.138940342,4.961898914,999,999,14.70532643,999,999,13.72245114,999,999
313,0,5.310850135,4.588362969,5.138940342,4.961898914,999,999,14.70532643,999,999,13.72245114,999,999
314,0,5.310850135,4.588362969,5.138940342,4.961898914,999,999,14.70532643,999,999,13.72245114,999,999
315,0,5.310850135,4.588362969,5.138940342,4.961898914,999,999,14.70532643,999,999,13.72245114,999,999
316,0,5.310850135,4.588362969,5.138940342,4.961898914,999,999,14.70532643,999,999,13.72245114,999,999
317,0,5.310850135,4.588362969,5.138940342,4.961898914,999,999,14.70532643,999,999,13.72245114,999,999
318,0,5.310850135,4.588362969,5.138940342,4.961898914,999,999,14.70532643,999,999,13.72245114,999,999
319,0,5.310850135,4.588362969,5.138940342,4.961898914,999,999,14.70532643,999,999,13.72245114,999,999
320,0,5.310850135,4.588362969,5.138940342,4.961898914,999,999,14.70532643,999,999,13.72245114,999,999
321,0,5.310850135,4.588362969,5.138940342,4.961898914,999,999,14.70532643,999,999,13.72245114,999,999
322,0,5.310850135,4.588362969,5.138940342,4.961898914,999,999,14.70532643,999,999,13.72245114,999,999
323,0,5.310850135,4.588362969,5.138940342,4.961898914,999,999,14.70532643,999,999,13.72245114,999,999
324,0,5.310850135,4.588362969,5.138940342,4.961898914,999,999,14.70532643,999,999,13.72245114,999,999
325,0,5.310850135,4.588362969,5.138940342,4.961898914,999,999,14.70532643,999,999,13.72245114,999,999
326,0,5.310850135,4.588362969,5.138940342,4.961898914,999,999,14.70532643,999,999,13.72245114,999,999
327,0,5.310850135,4.588362969,5.138940342,4.961898914,999,999,14.70532643,999,999,13.72245114,999,999
328,0,5.310850135,4.588362969,5.138940342,4.961898914,999,999,14.70532643,999,999,13.72245114,999,999
329,0,5.310850135,4.588362969,5.138940342,4.961898914,999,999,14.70532643,999,999,13.72245114,999,999
330,0,5.310850135,4.588362969,5.138940342,4.961898914,999,999,14.70532643,999,999,13.72245114,999,999
331,0,5.310850135,4.588362969,5.138940342,4.961898914,999,999,14.70532643,999,999,13.72245114,999,999
332,0,5.310850135,4.588362969,5.138940342,4.961898914,999,999,14.70532643,999,999,13.72245114,999,999
333,0,5.310850135,4.588362969,5.138940342,4.961898914,999,999,14.70532643,999,999,13.72245114,999,999
334,0,5.310850135,4.588362969,5.138940342,4.961898914,999,999,14.70532643,999,999,13.72245114,999,999
335,0,5.310850135,4.588362969,5.138940342,4.961898914,999,999,14.70532643,999,999,13.72245114,999,999
336,0,5.310850135,4.588362969,5.138940342,4.961898914,999,999,14.70532643,999,999,13.72245114,999,999
337,0,5.310850135,4.588362969,5.138940342,4.961898914,999,999,14.70532643,999,999,13.72245114,999,999
338,0,5.310850135,4.588362969,5.138940342,4.961898914,999,999,14.70532643,999,999,13.72245114,999,999
339,0,5.310850135,4.588362969,5.138940342,4.961898914,999,999,14.70532643,999,999,13.72245114,999,999
340,0,5.310850135,4.588362969,5.138940342,4.961898914,999,999,14.70532643,999,999,13.72245114,999,999
341,0,5.310850135,4.588362969,5.138940342,4.961898914,999,999,14.70532643,999,999,13.72245114,999,999
342,0,5.310850135,4.588362969,5.138940342,4.961898914,999,999,14.70532643,999,999,13.72245114,999,999
343,0,5.310850135,4.588362969,5.138940342,4.961898914,999,999,14.70532643,999,999,13.72245114,999,999
344,0,5.310850135,4.588362969,5.138940342,4.961898914,999,999,14.70532643,999,999,13.72245114,999,999
345,0,5.310850135,4.588362969,5.138940342,4.961898914,999,999,14.70532643,999,999,13.72245114,999,999
346,0,5.310850135,4.588362969,5.138940342,4.961898914,999,999,14.70532643,999,999,13.72245114,999,999
347,0,5.310850135,4.588362969,5.138940342,4.961898914,999,999,14.70532643,999,999,13.72245114,999,999
348,0,5.310850135,4.588362969,5.138940342,4.961898914,999,999,14.70532643,999,999,13.72245114,999,999
349,0,5.310850135,4.588362969,5.138940342,4.961898914,999,999,14.70532643,999,999,13.72245114,999,999
350,0,5.310850135,4.588362969,5.138940342,4.961898914,999,999,14.70532643,999,999,13.72245114,999,999
351,0,5.310850135,4.588362969,5.138940342,4.961898914,999,999,14.70532643,999,999,13.72245114,999,999
352,0,5.310850135,4.588362969,5.138940342,4.961898914,999,999,14.70532643,999,999,13.72245114,999,999
353,0,5.310850135,4.588362969,5.138940342,4.961898914,999,999,14.70532643,999,999,13.72245114,999,999
354,0,5.310850135,4.588362969,5.138940342,4.961898914,999,999,14.70532643,999,999,13.72245114,999,999
355,0,5.310850135,4.588362969,5.138940342,4.961898914,999,999,14.70532643,999,999,13.72245114,999,999
356,0,5.310850135,4.588362969,5.138940342,4.961898914,999,999,14.70532643,999,999,13.72245114,999,999
357,0,5.310850135,4.588362969,5.138940342,4.961898914,999,999,14.70532643,999,999,13.72245114,999,999
358,0,5.310850135,4.588362969,5.138940342,4.961898914,999,999,14.70532643,999,999,13.72245114,999,999
359,0,5.310850135,4.588362969,5.138940342,4.961898914,999,999,14.70532643,999,999,13.72245114,999,999
360,0,5.310850135,4.588362969,5.138940342,4.961898914,999,999,14.70532643,999,999,13.72245114,999,999
361,0,5.310850135,4.588362969,5.138940342,4.961898914,999,999,14.70532643,999,999,13.72245114,999,999
362,0,5.310850135,4.588362969,5.138940342,4.961898914,999,999,14.70532643,999,999,13.72245114,999,999
363,0,5.310850135,4.588362969,5.138940342,4.961898914,999,999,14.70532643,999,999,13.72245114,999,999
364,0,5.310850135,4.588362969,5.138940342,4.961898914,999,999,14.70532643,999,999,13.72245114,999,999
365,0,5.310850135,4.588362969,5.138940342,4.961898914,999,999,14.70532643,999,999,13.72245114,999,999
366,0,5.310850135,4.588362969,5.138940342,4.961898914,999,999,14.70532643,999,999,13.72245114,999,999
367,0,5.310850135,4.588362969,5.138940342,4.961898914,999,999,14.70532643,999,999,13.72245114,999,999
368,0,5.310850135,4.588362969,5.138940342,4.961898914,999,999,14.70532643,999,999,13.72245114,999,999
369,0,5.310850135,4.588362969,5.138940342,4.961898914,999,999,14.70532643,999,999,13.72245114,999,999
370,0,5.310850135,4.588362969,5.138940342,4.961898914,999,999,14.70532643,999,999,13.72245114,999,999
371,0,5.310850135,4.588362969,5.138940342,4.961898914,999,999,14.70532643,999,999,13.72245114,999,999
372,0,5.310850135,4.588362969,5.138940342,4.961898914,999,999,14.70532643,999,999,13.72245114,999,999
373,0,5.310850135,4.588362969,5.138940342,4.961898914,999,999,14.70532643,999,999,13.72245114,999,999
374,0,5.310850135,4.588362969,5.138940342,4.961898914,999,999,14.70532643,999,999,13.72245114,999,999
375,0,5.310850135,4.588362969,5.138940342,4.961898914,999,999,14.70532643,999,999,13.72245114,999,999
376,0,5.310850135,4.588362969,5.138940342,4.961898914,999,999,14.70532643,999,999,13.72245114,999,999
377,0,5.310850135,4.588362969,5.138940342,4.961898914,999,999,14.70532643,999,999,13.72245114,999,999
378,0,5.310850135,4.588362969,5.138940342,4.961898914,999,999,14.70532643,999,999,13.72245114,999,999
379,0,5.310850135,4.588362969,5.138940342,4.961898914,999,999,14.70532643,999,999,13.72245114,999,999
380,0,5.310850135,4.588362969,5.138940342,4.961898914,999,999,14.70532643,999,999,13.72245114,999,999
381,0,5.310850135,4.588362969,5.138940342,4.961898914,999,999,14.70532643,999,999,13.72245114,999,999
382,0,5.310850135,4.588362969,5.138940342,4.961898914,999,999,14.70532643,999,999,13.72245114,999,999
383,0,5.310850135,4.588362969,5.138940342,4.961898914,999,999,14.70532643,999,999,13.72245114,999,999
384,0,5.310850135,4.588362969,5.138940342,4.961898914,999,999,14.70532643,999,999,13.72245114,999,999
385,0,5.310850135,4.588362969,5.138940342,4.961898914,999,999,14.70532643,999,999,13.72245114,999,999
386,0,5.310850135,4.588362969,5.138940342,4.961898914,999,999,14.70532643,999,999,13.72245114,999,999
387,0,5.310850135,4.588362969,5.138940342,4.961898914,999,999,14.70532643,999,999,13.72245114,999,999
388,0,5.310850135,4.588362969,5.138940342,4.961898914,999,999,14.70532643,999,999,13.72245114,999,999
389,0,5.310850135,4.588362969,5.138940342,4.961898914,999,999,14.70532643,999,999,13.72245114,999,999
390,0,5.310850135,4.588362969,5.138940342,4.961898914,999,999,14.70532643,999,999,13.72245114,999,999
391,0,5.310850135,4.588362969,5.138940342,4.961898914,999,999,14.70532643,999,999,13.72245114,999,999
392,0,5.310850135,4.588362969,5.138940342,4.961898914,999,999,14.70532643,999,999,13.72245114,999,999
393,0,5.310850135,4.588362969,5.138940342,4.961898914,999,999,14.70532643,999,999,13.72245114,999,999
394,0,5.310850135,4.588362969,5.138940342,4.961898914,999,999,14.70532643,999,999,13.72245114,999,999
395,0,5.310850135,4.588362969,5.138940342,4.961898914,999,999,14.70532643,999,999,13.72245114,999,999
396,0,5.310850135,4.588362969,5.138940342,4.961898914,999,999,14.70532643,999,999,13.72245114,999,999
397,0,5.310850135,4.588362969,5.138940342,4.961898914,999,999,14.70532643,999,999,13.72245114,999,999
398,0,5.310850135,4.588362969,5.138940342,4.961898914,999,999,14.70532643,999,999,13.72245114,999,999
399,0,5.310850135,4.588362969,5.138940342,4.961898914,999,999,14.70532643,999,999,13.72245114,999,999
400,0,5.310850135,4.588362969,5.138940342,4.961898914,999,999,14.70532643,999,999,13.72245114,999,999
401,0,5.310850135,4.588362969,5.138940342,4.961898914,999,999,14.70532643,999,999,13.72245114,999,999
402,0,5.310850135,4.588362969,5.138940342,4.961898914,999,999,14.70532643,999,999,13.72245114,999,999
403,0,5.310850135,4.588362969,5.138940342,4.961898914,999,999,14.70532643,999,999,13.72245114,999,999
404,0,5.310850135,4.588362969,5.138940342,4.961898914,999,999,14.70532643,999,999,13.72245114,999,999
405,0,5.310850135,4.588362969,5.138940342,4.961898914,999,999,14.70532643,999,999,13.72245114,999,999
406,0,5.310850135,4.588362969,5.138940342,4.961898914,999,999,14.70532643,999,999,13.72245114,999,999
407,0,5.310850135,4.588362969,5.138940342,4.961898914,999,999,14.70532643,999,999,13.72245114,999,999
408,0,5.310850135,4.588362969,5.138940342,4.961898914,999,999,14.70532643,999,999,13.72245114,999,999
409,0,5.310850135,4.588362969,5.138940342,4.961898914,999,999,14.70532643,999,999,13.72245114,999,999
410,0,5.310850135,4.588362969,5.138940342,4.961898914,999,999,14.70532643,999,999,13.72245114,999,999
411,0,5.310850135,4.588362969,5.138940342,4.961898914,999,999,14.70532643,999,999,13.72245114,999,999
412,0,5.310850135,4.588362969,5.138940342,4.961898914,999,999,14.70532643,999,999,13.72245114,999,999
413,0,5.310850135,4.588362969,5.138940342,4.961898914,999,999,14.70532643,999,999,13.72245114,999,999
414,0,5.310850135,4.588362969,5.138940342,4.961898914,999,999,14.70532643,999,999,13.72245114,999,999
415,0,5.310850135,4.588362969,5.138940342,4.961898914,999,999,14.70532643,999,999,13.72245114,999,999
416,0,5.310850135,4.588362969,5.138940342,4.961898914,999,999,14.70532643,999,999,13.72245114,999,999
417,0,5.310850135,4.588362969,5.138940342,4.961898914,999,999,14.70532643,999,999,13.72245114,999,999
418,0,5.310850135,4.588362969,5.138940342,4.961898914,999,999,14.70532643,999,999,13.72245114,999,999
419,0,5.310850135,4.588362969,5.138940342,4.961898914,999,999,14.70532643,999,999,13.72245114,999,999
420,0,5.310850135,4.588362969,5.138940342,4.961898914,999,999,14.70532643,999,999,13.72245114,999,999
421,0,5.310850135,4.588362969,5.138940342,4.961898914,999,999,14.70532643,999,999,13.72245114,999,999
422,0,5.310850135,4.588362969,5.138940342,4.961898914,999,999,14.70532643,999,999,13.72245114,999,999
423,0,5.310850135,4.588362969,5.138940342,4.961898914,999,999,14.70532643,999,999,13.72245114,999,999
424,0,5.310850135,4.588362969,5.138940342,4.961898914,999,999,14.70532643,999,999,13.72245114,999,999
425,0,5.310850135,4.588362969,5.138940342,4.961898914,999,999,14.70532643,999,999,13.72245114,999,999
426,0,5.310850135,4.588362969,5.138940342,4.961898914,999,999,14.70532643,999,999,13.72245114,999,999
427,0,5.310850135,4.588362969,5.138940342,4.961898914,999,999,14.70532643,999,999,13.72245114,999,999
428,0,5.310850135,4.588362969,5.138940342,4.961898914,999,999,14.70532643,999,999,13.72245114,999,999
429,0,5.310850135,4.588362969,5.138940342,4.961898914,999,999,14.70532643,999,999,13.72245114,999,999
430,0,5.310850135,4.588362969,5.138940342,4.961898914,999,999,14.70532643,999,999,13.72245114,999,999
431,0,5.310850135,4.588362969,5.138940342,4.961898914,999,999,14.70532643,999,999,13.72245114,999,999
432,0,5.310850135,4.588362969,5.138940342,4.961898914,999,999,14.70532643,999,999,13.72245114,999,999
433,0,5.310850135,4.588362969,5.138940342,4.961898914,999,999,14.70532643,999,999,13.72245114,999,999
434,0,5.310850135,4.588362969,5.138940342,4.961898914,999,999,14.70532643,999,999,13.72245114,999,999
435,0,5.310850135,4.588362969,5.138940342,4.961898914,999,999,14.70532643,999,999,13.72245114,999,999
436,0,5.310850135,4.588362969,5.138940342,4.961898914,999,999,14.70532643,999,999,13.72245114,999,999
437,0,5.310850135,4.588362969,5.138940342,4.961898914,999,999,14.70532643,999,999,13.72245114,999,999
438,0,5.310850135,4.588362969,5.138940342,4.961898914,999,999,14.70532643,999,999,13.72245114,999,999
439,0,5.310850135,4.588362969,5.138940342,4.961898914,999,999,14.70532643,999,999,13.72245114,999,999
440,0,5.310850135,4.588362969,5.138940342,4.961898914,999,999,14.70532643,999,999,13.72245114,999,999
441,0,5.310850135,4.588362969,5.138940342,4.961898914,999,999,14.70532643,999,999,13.72245114,999,999
442,0,5.310850135,4.588362969,5.138940342,4.961898914,999,999,14.70532643,999,999,13.72245114,999,999
443,0,5.310850135,4.588362969,5.138940342,4.961898914,999,999,14.70532643,999,999,13.72245114,999,999
444,0,5.310850135,4.588362969,5.138940342,4.961898914,999,999,14.70532643,999,999,13.72245114,999,999
445,0,5.310850135,4.588362969,5.138940342,4.961898914,999,999,14.70532643,999,999,13.72245114,999,999
446,0,5.310850135,4.588362969,5.138940342,4.961898914,999,999,14.70532643,999,999,13.72245114,999,999
447,0,5.310850135,4.588362969,5.138940342,4.961898914,999,999,14.70532643,999,999,13.72245114,999,999
448,0,5.310850135,4.588362969,5.138940342,4.961898914,999,999,14.70532643,999,999,13.72245114,999,999
449,0,5.310850135,4.588362969,5.138940342,4.961898914,999,999,14.70532643,999,999,13.72245114,999,999
450,0,5.310850135,4.588362969,5.138940342,4.961898914,999,999,14.70532643,999,999,13.72245114,999,999
451,0,5.310850135,4.588362969,5.138940342,4.961898914,999,999,14.70532643,999,999,13.72245114,999,999
452,0,5.310850135,4.588362969,5.138940342,4.961898914,999,999,14.70532643,999,999,13.72245114,999,999
453,0,5.310850135,4.588362969,5.138940342,4.961898914,999,999,14.70532643,999,999,13.72245114,999,999
454,0,5.310850135,4.588362969,5.138940342,4.961898914,999,999,14.70532643,999,999,13.72245114,999,999
455,0,5.310850135,4.588362969,5.138940342,4.961898914,999,999,14.70532643,999,999,13.72245114,999,999
456,0,5.310850135,4.588362969,5.138940342,4.961898914,999,999,14.70532643,999,999,13.72245114,999,999
457,0,5.310850135,4.588362969,5.138940342,4.961898914,999,999,14.70532643,999,999,13.72245114,999,999
458,0,5.310850135,4.588362969,5.138940342,4.961898914,999,999,14.70532643,999,999,13.72245114,999,999
459,0,5.310850135,4.588362969,5.138940342,4.961898914,999,999,14.70532643,999,999,13.72245114,999,999
460,0,5.310850135,4.588362969,5.138940342,4.961898914,999,999,14.70532643,999,999,13.72245114,999,999
461,0,5.310850135,4.588362969,5.138940342,4.961898914,999,999,14.70532643,999,999,13.72245114,999,999
462,0,5.310850135,4.588362969,5.138940342,4.961898914,999,999,14.70532643,999,999,13.72245114,999,999
463,0,5.310850135,4.588362969,5.138940342,4.961898914,999,999,14.70532643,999,999,13.72245114,999,999
464,0,5.310850135,4.588362969,5.138940342,4.961898914,999,999,14.70532643,999,999,13.72245114,999,999
465,0,5.310850135,4.588362969,5.138940342,4.961898914,999,999,14.70532643,999,999,13.72245114,999,999
466,0,5.310850135,4.588362969,5.138940342,4.961898914,999,999,14.70532643,999,999,13.72245114,999,999
467,0,5.310850135,4.588362969,5.138940342,4.961898914,999,999,14.70532643,999,999,13.72245114,999,999
468,0,5.310850135,4.588362969,5.138940342,4.961898914,999,999,14.70532643,999,999,13.72245114,999,999
469,0,5.310850135,4.588362969,5.138940342,4.961898914,999,999,14.70532643,999,999,13.72245114,999,999
470,0,5.310850135,4.588362969,5.138940342,4.961898914,999,999,14.70532643,999,999,13.72245114,999,999
471,0,5.310850135,4.588362969,5.138940342,4.961898914,999,999,14.70532643,999,999,13.72245114,999,999
472,0,5.310850135,4.588362969,5.138940342,4.961898914,999,999,14.70532643,999,999,13.72245114,999,999
473,0,5.310850135,4.588362969,5.138940342,4.961898914,999,999,14.70532643,999,999,13.72245114,999,999
474,0,5.310850135,4.588362969,5.138940342,4.961898914,999,999,14.70532643,999,999,13.72245114,999,999
475,0,5.310850135,4.588362969,5.138940342,4.961898914,999,999,14.70532643,999,999,13.72245114,999,999
476,0,5.310850135,4.588362969,5.138940342,4.961898914,999,999,14.70532643,999,999,13.72245114,999,999
477,0,5.310850135,4.588362969,5.138940342,4.961898914,999,999,14.70532643,999,999,13.72245114,999,999
478,0,5.310850135,4.588362969,5.138940342,4.961898914,999,999,14.70532643,999,999,13.72245114,999,999
479,0,5.310850135,4.588362969,5.138940342,4.961898914,999,999,14.70532643,999,999,13.72245114,999,999
480,0,5.310850135,4.588362969,5.138940342,4.961898914,999,999,14.70532643,999,999,13.72245114,999,999
481,0,5.310850135,4.588362969,5.138940342,4.961898914,999,999,14.70532643,999,999,13.72245114,999,999
482,0,5.310850135,4.588362969,5.138940342,4.961898914,999,999,14.70532643,999,999,13.72245114,999,999
483,0,5.310850135,4.588362969,5.138940342,4.961898914,999,999,14.70532643,999,999,13.72245114,999,999
484,0,5.310850135,4.588362969,5.138940342,4.961898914,999,999,14.70532643,999,999,13.72245114,999,999
485,0,5.310850135,4.588362969,5.138940342,4.961898914,999,999,14.70532643,999,999,13.72245114,999,999
486,0,5.310850135,4.588362969,5.138940342,4.961898914,999,999,14.70532643,999,999,13.72245114,999,999
487,0,5.310850135,4.588362969,5.138940342,4.961898914,999,999,14.70532643,999,999,13.72245114,999,999
488,0,5.310850135,4.588362969,5.138940342,4.961898914,999,999,14.70532643,999,999,13.72245114,999,999
489,0,5.310850135,4.588362969,5.138940342,4.961898914,999,999,14.70532643,999,999,13.72245114,999,999
490,0,5.310850135,4.588362969,5.138940342,4.961898914,999,999,14.70532643,999,999,13.72245114,999,999
491,0,5.310850135,4.588362969,5.138940342,4.961898914,999,999,14.70532643,999,999,13.72245114,999,999
492,0,5.310850135,4.588362969,5.138940342,4.961898914,999,999,14.70532643,999,999,13.72245114,999,999
493,0,5.310850135,4.588362969,5.138940342,4.961898914,999,999,14.70532643,999,999,13.72245114,999,999
494,0,5.310850135,4.588362969,5.138940342,4.961898914,999,999,14.70532643,999,999,13.72245114,999,999
495,0,5.310850135,4.588362969,5.138940342,4.961898914,999,999,14.70532643,999,999,13.72245114,999,999
496,0,5.310850135,4.588362969,5.138940342,4.961898914,999,999,14.70532643,999,999,13.72245114,999,999
497,0,5.310850135,4.588362969,5.138940342,4.961898914,999,999,14.70532643,999,999,13.72245114,999,999
498,0,5.310850135,4.588362969,5.138940342,4.961898914,999,999,14.70532643,999,999,13.72245114,999,999
499,0,5.310850135,4.588362969,5.138940342,4.961898914,999,999,14.70532643,999,999,13.72245114,999,999
500,0,5.310850135,4.588362969,5.138940342,4.961898914,999,999,14.70532643,999,999,13.72245114,999,999
501,0,5.310850135,4.588362969,5.138940342,4.961898914,999,999,14.70532643,999,999,13.72245114,999,999
502,0,5.310850135,4.588362969,5.138940342,4.961898914,999,999,14.70532643,999,999,13.72245114,999,999
503,0,5.310850135,4.588362969,5.138940342,4.961898914,999,999,14.70532643,999,999,13.72245114,999,999
504,0,5.310850135,4.588362969,5.138940342,4.961898914,999,999,14.70532643,999,999,13.72245114,999,999
505,0,5.310850135,4.588362969,5.138940342,4.961898914,999,999,14.70532643,999,999,13.72245114,999,999
506,0,5.310850135,4.588362969,5.138940342,4.961898914,999,999,14.70532643,999,999,13.72245114,999,999
507,0,5.310850135,4.588362969,5.138940342,4.961898914,999,999,14.70532643,999,999,13.72245114,999,999
508,0,5.310850135,4.588362969,5.138940342,4.961898914,999,999,14.70532643,999,999,13.72245114,999,999
509,0,5.310850135,4.588362969,5.138940342,4.961898914,999,999,14.70532643,999,999,13.72245114,999,999
510,0,5.310850135,4.588362969,5.138940342,4.961898914,999,999,14.70532643,999,999,13.72245114,999,999
511,0,5.310850135,4.588362969,5.138940342,4.961898914,999,999,14.70532643,999,999,13.72245114,999,999
512,0,5.310850135,4.588362969,5.138940342,4.961898914,999,999,14.70532643,999,999,13.72245114,999,999
513,0,5.310850135,4.588362969,5.138940342,4.961898914,999,999,14.70532643,999,999,13.72245114,999,999
514,0,5.310850135,4.588362969,5.138940342,4.961898914,999,999,14.70532643,999,999,13.72245114,999,999
515,0,5.310850135,4.588362969,5.138940342,4.961898914,999,999,14.70532643,999,999,13.72245114,999,999
516,0,5.310850135,4.588362969,5.138940342,4.961898914,999,999,14.70532643,999,999,13.72245114,999,999
517,0,5.310850135,4.588362969,5.138940342,4.961898914,999,999,14.70532643,999,999,13.72245114,999,999
518,0,5.310850135,4.588362969,5.138940342,4.961898914,999,999,14.70532643,999,999,13.72245114,999,999
519,0,5.310850135,4.588362969,5.138940342,4.961898914,999,999,14.70532643,999,999,13.72245114,999,999
520,0,5.310850135,4.588362969,5.138940342,4.961898914,999,999,14.70532643,999,999,13.72245114,999,999
521,0,5.310850135,4.588362969,5.138940342,4.961898914,999,999,14.70532643,999,999,13.72245114,999,999
522,0,5.310850135,4.588362969,5.138940342,4.961898914,999,999,14.70532643,999,999,13.72245114,999,999
523,0,5.310850135,4.588362969,5.138940342,4.961898914,999,999,14.70532643,999,999,13.72245114,999,999
524,0,5.310850135,4.588362969,5.138940342,4.961898914,999,999,14.70532643,999,999,13.72245114,999,999
525,0,5.310850135,4.588362969,5.138940342,4.961898914,999,999,14.70532643,999,999,13.72245114,999,999
526,0,5.310850135,4.588362969,5.138940342,4.961898914,999,999,14.70532643,999,999,13.72245114,999,999
527,0,5.310850135,4.588362969,5.138940342,4.961898914,999,999,14.70532643,999,999,13.72245114,999,999
528,0,5.310850135,4.588362969,5.138940342,4.961898914,999,999,14.70532643,999,999,13.72245114,999,999
529,0,5.310850135,4.588362969,5.138940342,4.961898914,999,999,14.70532643,999,999,13.72245114,999,999
530,0,5.310850135,4.588362969,5.138940342,4.961898914,999,999,14.70532643,999,999,13.72245114,999,999
531,0,5.310850135,4.588362969,5.138940342,4.961898914,999,999,14.70532643,999,999,13.72245114,999,999
532,0,5.310850135,4.588362969,5.138940342,4.961898914,999,999,14.70532643,999,999,13.72245114,999,999
533,0,5.310850135,4.588362969,5.138940342,4.961898914,999,999,14.70532643,999,999,13.72245114,999,999
534,0,5.310850135,4.588362969,5.138940342,4.961898914,999,999,14.70532643,999,999,13.72245114,999,999
535,0,5.310850135,4.588362969,5.138940342,4.961898914,999,999,14.70532643,999,999,13.72245114,999,999
536,0,5.310850135,4.588362969,5.138940342,4.961898914,999,999,14.70532643,999,999,13.72245114,999,999
537,0,5.310850135,4.588362969,5.138940342,4.961898914,999,999,14.70532643,999,999,13.72245114,999,999
538,0,5.310850135,4.588362969,5.138940342,4.961898914,999,999,14.70532643,999,999,13.72245114,999,999
539,0,5.310850135,4.588362969,5.138940342,4.961898914,999,999,14.70532643,999,999,13.72245114,999,999
540,0,5.310850135,4.588362969,5.138940342,4.961898914,999,999,14.70532643,999,999,13.72245114,999,999
541,0,5.310850135,4.588362969,5.138940342,4.961898914,999,999,14.70532643,999,999,13.72245114,999,999
542,0,5.310850135,4.588362969,5.138940342,4.961898914,999,999,14.70532643,999,999,13.72245114,999,999
543,0,5.310850135,4.588362969,5.138940342,4.961898914,999,999,14.70532643,999,999,13.72245114,999,999
544,0,5.310850135,4.588362969,5.138940342,4.961898914,999,999,14.70532643,999,999,13.72245114,999,999
545,0,5.310850135,4.588362969,5.138940342,4.961898914,999,999,14.70532643,999,999,13.72245114,999,999
546,0,5.310850135,4.588362969,5.138940342,4.961898914,999,999,14.70532643,999,999,13.72245114,999,999
547,0,5.310850135,4.588362969,5.138940342,4.961898914,999,999,14.70532643,999,999,13.72245114,999,999
548,0,5.310850135,4.588362969,5.138940342,4.961898914,999,999,14.70532643,999,999,13.72245114,999,999
549,0,5.310850135,4.588362969,5.138940342,4.961898914,999,999,14.70532643,999,999,13.72245114,999,999
550,0,5.310850135,4.588362969,5.138940342,4.961898914,999,999,14.70532643,999,999,13.72245114,999,999
551,0,5.310850135,4.588362969,5.138940342,4.961898914,999,999,14.70532643,999,999,13.72245114,999,999
552,0,5.310850135,4.588362969,5.138940342,4.961898914,999,999,14.70532643,999,999,13.72245114,999,999
553,0,5.310850135,4.588362969,5.138940342,4.961898914,999,999,14.70532643,999,999,13.72245114,999,999
554,0,5.310850135,4.588362969,5.138940342,4.961898914,999,999,14.70532643,999,999,13.72245114,999,999
555,0,5.310850135,4.588362969,5.138940342,4.961898914,999,999,14.70532643,999,999,13.72245114,999,999
556,0,5.310850135,4.588362969,5.138940342,4.961898914,999,999,14.70532643,999,999,13.72245114,999,999
557,0,5.310850135,4.588362969,5.138940342,4.961898914,999,999,14.70532643,999,999,13.72245114,999,999
558,0,5.310850135,4.588362969,5.138940342,4.961898914,999,999,14.70532643,999,999,13.72245114,999,999
559,0,5.310850135,4.588362969,5.138940342,4.961898914,999,999,14.70532643,999,999,13.72245114,999,999
560,0,5.310850135,4.588362969,5.138940342,4.961898914,999,999,14.70532643,999,999,13.72245114,999,999
561,0,5.310850135,4.588362969,5.138940342,4.961898914,999,999,14.70532643,999,999,13.72245114,999,999
562,0,5.310850135,4.588362969,5.138940342,4.961898914,999,999,14.70532643,999,999,13.72245114,999,999
563,0,5.310850135,4.588362969,5.138940342,4.961898914,999,999,14.70532643,999,999,13.72245114,999,999
564,0,5.310850135,4.588362969,5.138940342,4.961898914,999,999,14.70532643,999,999,13.72245114,999,999
565,0,5.310850135,4.588362969,5.138940342,4.961898914,999,999,14.70532643,999,999,13.72245114,999,999
566,0,5.310850135,4.588362969,5.138940342,4.961898914,999,999,14.70532643,999,999,13.72245114,999,999
567,0,5.310850135,4.588362969,5.138940342,4.961898914,999,999,14.70532643,999,999,13.72245114,999,999
568,0,5.310850135,4.588362969,5.138940342,4.961898914,999,999,14.70532643,999,999,13.72245114,999,999
569,0,5.310850135,4.588362969,5.138940342,4.961898914,999,999,14.70532643,999,999,13.72245114,999,999
570,0,5.310850135,4.588362969,5.138940342,4.961898914,999,999,14.70532643,999,999,13.72245114,999,999
571,0,5.310850135,4.588362969,5.138940342,4.961898914,999,999,14.70532643,999,999,13.72245114,999,999
572,0,5.310850135,4.588362969,5.138940342,4.961898914,999,999,14.70532643,999,999,13.72245114,999,999
573,0,5.310850135,4.588362969,5.138940342,4.961898914,999,999,14.70532643,999,999,13.72245114,999,999
574,0,5.310850135,4.588362969,5.138940342,4.961898914,999,999,14.70532643,999,999,13.72245114,999,999
575,0,5.310850135,4.588362969,5.138940342,4.961898914,999,999,14.70532643,999,999,13.72245114,999,999
576,0,5.310850135,4.588362969,5.138940342,4.961898914,999,999,14.70532643,999,999,13.72245114,999,999
577,0,5.310850135,4.588362969,5.138940342,4.961898914,999,999,14.70532643,999,999,13.72245114,999,999
578,0,5.310850135,4.588362969,5.138940342,4.961898914,999,999,14.70532643,999,999,13.72245114,999,999
579,0,5.310850135,4.588362969,5.138940342,4.961898914,999,999,14.70532643,999,999,13.72245114,999,999
580,0,5.310850135,4.588362969,5.138940342,4.961898914,999,999,14.70532643,999,999,13.72245114,999,999
581,0,5.310850135,4.588362969,5.138940342,4.961898914,999,999,14.70532643,999,999,13.72245114,999,999
582,0,5.310850135,4.588362969,5.138940342,4.961898914,999,999,14.70532643,999,999,13.72245114,999,999
583,0,5.310850135,4.588362969,5.138940342,4.961898914,999,999,14.70532643,999,999,13.72245114,999,999
584,0,5.310850135,4.588362969,5.138940342,4.961898914,999,999,14.70532643,999,999,13.72245114,999,999
585,0,5.310850135,4.588362969,5.138940342,4.961898914,999,999,14.70532643,999,999,13.72245114,999,999
586,0,5.310850135,4.588362969,5.138940342,4.961898914,999,999,14.70532643,999,999,13.72245114,999,999
587,0,5.310850135,4.588362969,5.138940342,4.961898914,999,999,14.70532643,999,999,13.72245114,999,999
588,0,5.310850135,4.588362969,5.138940342,4.961898914,999,999,14.70532643,999,999,13.72245114,999,999
589,0,5.310850135,4.588362969,5.138940342,4.961898914,999,999,14.70532643,999,999,13.72245114,999,999
590,0,5.310850135,4.588362969,5.138940342,4.961898914,999,999,14.70532643,999,999,13.72245114,999,999
591,0,5.310850135,4.588362969,5.138940342,4.961898914,999,999,14.70532643,999,999,13.72245114,999,999
592,0,5.310850135,4.588362969,5.138940342,4.961898914,999,999,14.70532643,999,999,13.72245114,999,999
593,0,5.310850135,4.588362969,5.138940342,4.961898914,999,999,14.70532643,999,999,13.72245114,999,999
594,0,5.310850135,4.588362969,5.138940342,4.961898914,999,999,14.70532643,999,999,13.72245114,999,999
595,0,5.310850135,4.588362969,5.138940342,4.961898914,999,999,14.70532643,999,999,13.72245114,999,999
596,0,5.310850135,4.588362969,5.138940342,4.961898914,999,999,14.70532643,999,999,13.72245114,999,999
597,0,5.310850135,4.588362969,5.138940342,4.961898914,999,999,14.70532643,999,999,13.72245114,999,999
598,0,5.310850135,4.588362969,5.138940342,4.961898914,999,999,14.70532643,999,999,13.72245114,999,999
599,0,5.310850135,4.588362969,5.138940342,4.961898914,999,999,14.70532643,999,999,13.72245114,999,999
600,0,5.310850135,4.588362969,5.138940342,4.961898914,999,999,14.70532643,999,999,13.72245114,999,999
601,0,5.310850135,4.588362969,5.138940342,4.961898914,999,999,14.70532643,999,999,13.72245114,999,999
602,0,5.310850135,4.588362969,5.138940342,4.961898914,999,999,14.70532643,999,999,13.72245114,999,999
603,0,5.310850135,4.588362969,5.138940342,4.961898914,999,999,14.70532643,999,999,13.72245114,999,999
604,0,5.310850135,4.588362969,5.138940342,4.961898914,999,999,14.70532643,999,999,13.72245114,999,999
605,0,5.310850135,4.588362969,5.138940342,4.961898914,999,999,14.70532643,999,999,13.72245114,999,999
606,0,5.310850135,4.588362969,5.138940342,4.961898914,999,999,14.70532643,999,999,13.72245114,999,999
607,0,5.310850135,4.588362969,5.138940342,4.961898914,999,999,14.70532643,999,999,13.72245114,999,999
608,0,5.310850135,4.588362969,5.138940342,4.961898914,999,999,14.70532643,999,999,13.72245114,999,999
609,0,5.310850135,4.588362969,5.138940342,4.961898914,999,999,14.70532643,999,999,13.72245114,999,999
610,0,5.310850135,4.588362969,5.138940342,4.961898914,999,999,14.70532643,999,999,13.72245114,999,999
611,0,5.310850135,4.588362969,5.138940342,4.961898914,999,999,14.70532643,999,999,13.72245114,999,999
612,0,5.310850135,4.588362969,5.138940342,4.961898914,999,999,14.70532643,999,999,13.72245114,999,999
613,0,5.310850135,4.588362969,5.138940342,4.961898914,999,999,14.70532643,999,999,13.72245114,999,999
614,0,5.310850135,4.588362969,5.138940342,4.961898914,999,999,14.70532643,999,999,13.72245114,999,999
615,0,5.310850135,4.588362969,5.138940342,4.961898914,999,999,14.70532643,999,999,13.72245114,999,999
616,0,5.310850135,4.588362969,5.138940342,4.961898914,999,999,14.70532643,999,999,13.72245114,999,999
617,0,5.310850135,4.588362969,5.138940342,4.961898914,999,999,14.70532643,999,999,13.72245114,999,999
618,0,5.310850135,4.588362969,5.138940342,4.961898914,999,999,14.70532643,999,999,13.72245114,999,999
619,0,5.310850135,4.588362969,5.138940342,4.961898914,999,999,14.70532643,999,999,13.72245114,999,999
620,0,5.310850135,4.588362969,5.138940342,4.961898914,999,999,14.70532643,999,999,13.72245114,999,999
621,0,5.310850135,4.588362969,5.138940342,4.961898914,999,999,14.70532643,999,999,13.72245114,999,999
622,0,5.310850135,4.588362969,5.138940342,4.961898914,999,999,14.70532643,999,999,13.72245114,999,999
623,0,5.310850135,4.588362969,5.138940342,4.961898914,999,999,14.70532643,999,999,13.72245114,999,999
624,0,5.310850135,4.588362969,5.138940342,4.961898914,999,999,14.70532643,999,999,13.72245114,999,999
625,0,5.310850135,4.588362969,5.138940342,4.961898914,999,999,14.70532643,999,999,13.72245114,999,999
626,0,5.310850135,4.588362969,5.138940342,4.961898914,999,999,14.70532643,999,999,13.72245114,999,999
627,0,5.310850135,4.588362969,5.138940342,4.961898914,999,999,14.70532643,999,999,13.72245114,999,999
628,0,5.310850135,4.588362969,5.138940342,4.961898914,999,999,14.70532643,999,999,13.72245114,999,999
629,0,5.310850135,4.588362969,5.138940342,4.961898914,999,999,14.70532643,999,999,13.72245114,999,999
630,0,5.310850135,4.588362969,5.138940342,4.961898914,999,999,14.70532643,999,999,13.72245114,999,999
631,0,5.310850135,4.588362969,5.138940342,4.961898914,999,999,14.70532643,999,999,13.72245114,999,999
632,0,5.310850135,4.588362969,5.138940342,4.961898914,999,999,14.70532643,999,999,13.72245114,999,999
633,0,5.310850135,4.588362969,5.138940342,4.961898914,999,999,14.70532643,999,999,13.72245114,999,999
634,0,5.310850135,4.588362969,5.138940342,4.961898914,999,999,14.70532643,999,999,13.72245114,999,999
635,0,5.310850135,4.588362969,5.138940342,4.961898914,999,999,14.70532643,999,999,13.72245114,999,999
636,0,5.310850135,4.588362969,5.138940342,4.961898914,999,999,14.70532643,999,999,13.72245114,999,999
637,0,5.310850135,4.588362969,5.138940342,4.961898914,999,999,14.70532643,999,999,13.72245114,999,999
638,0,5.310850135,4.588362969,5.138940342,4.961898914,999,999,14.70532643,999,999,13.72245114,999,999
639,0,5.310850135,4.588362969,5.138940342,4.961898914,999,999,14.70532643,999,999,13.72245114,999,999
640,0,5.310850135,4.588362969,5.138940342,4.961898914,999,999,14.70532643,999,999,13.72245114,999,999
641,0,5.310850135,4.588362969,5.138940342,4.961898914,999,999,14.70532643,999,999,13.72245114,999,999
642,0,5.310850135,4.588362969,5.138940342,4.961898914,999,999,14.70532643,999,999,13.72245114,999,999
643,0,5.310850135,4.588362969,5.138940342,4.961898914,999,999,14.70532643,999,999,13.72245114,999,999
644,0,5.310850135,4.588362969,5.138940342,4.961898914,999,999,14.70532643,999,999,13.72245114,999,999
645,0,5.310850135,4.588362969,5.138940342,4.961898914,999,999,14.70532643,999,999,13.72245114,999,999
646,0,5.310850135,4.588362969,5.138940342,4.961898914,999,999,14.70532643,999,999,13.72245114,999,999
647,0,5.310850135,4.588362969,5.138940342,4.961898914,999,999,14.70532643,999,999,13.72245114,999,999
648,0,5.310850135,4.588362969,5.138940342,4.961898914,999,999,14.70532643,999,999,13.72245114,999,999
649,0,5.310850135,4.588362969,5.138940342,4.961898914,999,999,14.70532643,999,999,13.72245114,999,999
650,0,5.310850135,4.588362969,5.138940342,4.961898914,999,999,14.70532643,999,999,13.72245114,999,999
651,0,5.310850135,4.588362969,5.138940342,4.961898914,999,999,14.70532643,999,999,13.72245114,999,999
652,0,5.310850135,4.588362969,5.138940342,4.961898914,999,999,14.70532643,999,999,13.72245114,999,999
653,0,5.310850135,4.588362969,5.138940342,4.961898914,999,999,14.70532643,999,999,13.72245114,999,999
654,0,5.310850135,4.588362969,5.138940342,4.961898914,999,999,14.70532643,999,999,13.72245114,999,999
655,0,5.310850135,4.588362969,5.138940342,4.961898914,999,999,14.70532643,999,999,13.72245114,999,999
656,0,5.310850135,4.588362969,5.138940342,4.961898914,999,999,14.70532643,999,999,13.72245114,999,999
657,0,5.310850135,4.588362969,5.138940342,4.961898914,999,999,14.70532643,999,999,13.72245114,999,999
658,0,5.310850135,4.588362969,5.138940342,4.961898914,999,999,14.70532643,999,999,13.72245114,999,999
659,0,5.310850135,4.588362969,5.138940342,4.961898914,999,999,14.70532643,999,999,13.72245114,999,999
660,0,5.310850135,4.588362969,5.138940342,4.961898914,999,999,14.70532643,999,999,13.72245114,999,999
661,0,5.310850135,4.588362969,5.138940342,4.961898914,999,999,14.70532643,999,999,13.72245114,999,999
662,0,5.310850135,4.588362969,5.138940342,4.961898914,999,999,14.70532643,999,999,13.72245114,999,999
663,0,5.310850135,4.588362969,5.138940342,4.961898914,999,999,14.70532643,999,999,13.72245114,999,999
664,0,5.310850135,4.588362969,5.138940342,4.961898914,999,999,14.70532643,999,999,13.72245114,999,999
665,0,5.310850135,4.588362969,5.138940342,4.961898914,999,999,14.70532643,999,999,13.72245114,999,999
666,0,5.310850135,4.588362969,5.138940342,4.961898914,999,999,14.70532643,999,999,13.72245114,999,999
667,0,5.310850135,4.588362969,5.138940342,4.961898914,999,999,14.70532643,999,999,13.72245114,999,999
668,0,5.310850135,4.588362969,5.138940342,4.961898914,999,999,14.70532643,999,999,13.72245114,999,999
669,0,5.310850135,4.588362969,5.138940342,4.961898914,999,999,14.70532643,999,999,13.72245114,999,999
670,0,5.310850135,4.588362969,5.138940342,4.961898914,999,999,14.70532643,999,999,13.72245114,999,999
671,0,5.310850135,4.588362969,5.138940342,4.961898914,999,999,14.70532643,999,999,13.72245114,999,999
672,0,5.310850135,4.588362969,5.138940342,4.961898914,999,999,14.70532643,999,999,13.72245114,999,999