Voll,Demand_segment,Cost_of_demand_curtailment_perMW,Max_demand_curtailment,$/MWh,Time_Index,Load_MW_z1,Load_MW_z2,Load_MW_z3,Load_MW_z4,Load_MW_z5,Load_MW_z6
3200,1,1,1,3200,1,13772.80799,14686.40411,10843.99404,39171.12576,2753.3927,2590.216059
,,,,,2,13631.41584,14516.62419,10635.25621,38387.6561,2753.3927,2465.477045
,,,,,3,13631.41584,14516.62419,10635.25621,37427.72298,2753.3927,2465.477045
,,,,,4,13631.41584,14516.62419,10635.25621,37427.72298,2753.3927,2465.477045
,,,,,5,14176.67269,14536.14146,10635.25621,37427.72298,2753.3927,2465.477045
,,,,,6,16646.79024,15502.2401,12131.53018,38738.11428,2753.3927,2465.477045
,,,,,7,18214.59133,16870.39093,13055.42455,40601.11698,2753.3927,2590.216059
,,,,,8,17923.5166,16632.923,13271.69638,40064.46642,2753.3927,2590.216059
,,,,,9,18610.93084,16509.42634,14164.91439,42199.41299,2753.3927,2590.216059
,,,,,10,19027.43925,16707.4654,14829.38226,44470.59718,2753.3927,2590.216059
,,,,,11,20112.69461,17570.42925,16111.53718,45370.37688,3076.357014,2590.216059
,,,,,12,19820.37074,17781.87251,14702.98295,44035.06186,3076.357014,2590.216059
,,,,,13,18180.1371,16898.61028,14442.1774,43172.09129,3076.357014,2465.477045
,,,,,14,18409.99338,16480.75064,14769.40595,44306.17894,3076.357014,2465.477045
,,,,,15,18373.38885,16936.13188,14619.74431,44440.1234,3076.357014,2465.477045
,,,,,16,18799.89549,16905.38213,14980.87383,44743.32326,2753.3927,2590.216059
,,,,,17,21195.82272,17292.68512,15296.70646,44531.22914,2951.565054,2737.953586
,,,,,18,20483.94771,18496.64204,15010.91765,43135.82056,2951.565054,2737.953586
,,,,,19,19057.09964,18204.39675,14360.48798,42485.61141,2951.565054,2737.953586
,,,,,20,19646.50958,17931.30799,14908.87493,43327.67244,2951.565054,2737.953586
,,,,,21,18813.75939,17635.20094,14518.72362,43689.13037,2951.565054,2737.953586
,,,,,22,17274.929,17442.11581,13690.3531,46656.84491,2753.3927,2737.953586
,,,,,23,15703.56878,16237.17934,12498.77033,43601.50271,2753.3927,2737.953586
,,,,,24,14197.75811,15379.40675,11484.89184,40818.68746,2753.3927,2737.953586
,,,,,25,13760.60964,14394.64927,11004.63219,39639.21691,2810.61123,2614.794745
,,,,,26,13629.99429,14220.07713,10790.00413,38846.87388,2810.61123,2486.532905
,,,,,27,13629.99429,14220.07713,10790.00413,37873.41845,2810.61123,2486.532905
,,,,,28,13629.99429,14220.07713,10790.00413,37873.41845,2810.61123,2486.532905
,,,,,29,14149.61672,14240.9878,10790.00413,37873.41845,2810.61123,2486.532905
,,,,,30,16528.86195,15228.93882,12314.69993,39201.30125,2810.61123,2486.532905
,,,,,31,18038.98582,16628.03613,13254.76226,41085.40383,2810.61123,2614.794745
,,,,,32,17758.61929,16385.19686,13474.81879,40542.67531,2810.61123,2614.794745
,,,,,33,18420.74455,16258.90681,14383.66793,42701.80172,2810.61123,2614.794745
,,,,,34,18821.93027,16461.42536,15059.76384,44998.70874,2810.61123,2614.794745
,,,,,35,19867.26055,17343.90876,16351.52293,45908.67911,3150.987271,2614.794745
,,,,,36,19585.69082,17560.1347,14931.15257,44558.24066,3150.987271,2614.794745
,,,,,37,18005.79918,16656.89378,14665.78299,43685.49631,3150.987271,2486.532905
,,,,,38,18227.19933,16229.58249,14998.73797,44832.42834,3150.987271,2486.532905
,,,,,39,18191.94144,16695.26409,14846.45728,44967.88982,3150.987271,2486.532905
,,,,,40,18602.75733,16663.8188,15213.90648,45274.52365,2810.61123,2614.794745
,,,,,41,20931.16935,17059.88229,15535.26612,45060.02741,3019.77494,2766.273816
,,,,,42,20224.85578,18287.9705,15244.47607,43648.81479,3019.77494,2766.273816
,,,,,43,18850.49945,17992.2161,14582.66402,42991.24155,3019.77494,2766.273816
,,,,,44,19418.22589,17712.9503,15140.64762,43842.83954,3019.77494,2766.273816
,,,,,45,18616.1112,17410.14554,14743.66875,44208.39125,3019.77494,2766.273816
,,,,,46,17133.89233,17212.69297,13900.80192,47199.38386,2810.61123,2766.273816
,,,,,47,15620.34036,15980.5018,12688.36671,44119.77114,2810.61123,2766.273816
,,,,,48,14169.92642,15103.32707,11656.74556,41305.43845,2810.61123,2766.273816
,,,,,49,13616.01627,14276.71359,11067.29311,39686.29187,2866.943942,2634.319583
,,,,,50,13491.50794,14108.61888,10864.95996,38900.48075,2866.943942,2494.186789
,,,,,51,13491.50794,14108.61888,10864.95996,37936.97942,2866.943942,2494.186789
,,,,,52,13491.50794,14108.61888,10864.95996,37936.97942,2866.943942,2494.186789
,,,,,53,13996.60377,14127.64616,10864.95996,37936.97942,2866.943942,2494.186789
,,,,,54,16324.35314,15086.06026,12330.32983,39251.98629,2866.943942,2494.186789
,,,,,55,17801.79214,16443.32853,13236.6442,41120.55674,2866.943942,2634.319583
,,,,,56,17527.49378,16207.74947,13448.80077,40582.30236,2866.943942,2634.319583
,,,,,57,18175.28826,16085.23513,14325.0225,42723.6294,2866.943942,2634.319583
,,,,,58,18567.79077,16281.69895,14976.84678,45001.60122,2866.943942,2634.319583
,,,,,59,19590.49602,17137.79861,16248.55874,45904.06999,3237.55246,2634.319583
,,,,,60,19315.02066,17347.56,14852.85261,44564.76427,3237.55246,2634.319583
,,,,,61,17769.32386,16471.32342,14597.00971,43699.21463,3237.55246,2494.186789
,,,,,62,17985.93199,16056.78753,14918.01171,44836.6916,3237.55246,2494.186789
,,,,,63,17951.43725,16508.54657,14771.19785,44971.03637,3237.55246,2494.186789
,,,,,64,18353.36159,16478.04141,15125.45574,45275.14237,2866.943942,2634.319583
,,,,,65,20643.51383,16862.26372,15435.27867,45062.41439,3095.188548,2798.4044
,,,,,66,19940.35152,18057.7347,15154.92789,43662.8355,3095.188548,2798.4044
,,,,,67,18595.74155,17766.7234,14516.87469,43010.68315,3095.188548,2798.4044
,,,,,68,19151.18013,17495.80685,15054.82685,43855.26075,3095.188548,2798.4044
,,,,,69,18366.42643,17202.05509,14672.0994,44217.79893,3095.188548,2798.4044
,,,,,70,16916.28834,17010.5058,13859.49123,47191.65599,2866.943942,2798.4044
,,,,,71,15435.49537,15815.15364,12690.58208,44129.90939,2866.943942,2798.4044
,,,,,72,14016.47389,14964.20394,11695.99582,41338.77745,2866.943942,2798.4044
,,,,,73,13535.21732,14136.52735,10915.73085,39312.54933,2886.559661,2647.467902
,,,,,74,13408.83874,13993.2885,10733.26558,38584.97682,2886.559661,2502.442226
,,,,,75,13408.83874,13993.2885,10733.26558,37710.22652,2886.559661,2502.442226
,,,,,76,13408.83874,13993.2885,10733.26558,37710.22652,2886.559661,2502.442226
,,,,,77,13918.38328,14005.08863,10733.26558,37710.22652,2886.559661,2502.442226
,,,,,78,16261.90304,14850.1607,12102.76799,38910.43133,2886.559661,2502.442226
,,,,,79,17749.3516,16046.91846,12954.54751,40640.51689,2886.559661,2647.467902
,,,,,80,17473.19493,15839.19897,13153.93818,40142.15402,2886.559661,2647.467902
,,,,,81,18125.37812,15731.17317,13977.4358,42124.78144,2886.559661,2647.467902
,,,,,82,18520.5398,15904.40318,14590.03844,44233.92651,2886.559661,2647.467902
,,,,,83,19550.17388,16659.26052,15829.35534,45069.51084,3261.157967,2647.467902
,,,,,84,19272.83214,16844.21554,14473.50527,43829.46474,3261.157967,2647.467902
,,,,,85,17716.6633,16071.60268,14233.05697,43028.06337,3261.157967,2502.442226
,,,,,86,17934.73911,15706.08978,14534.74361,44081.2388,3261.157967,2502.442226
,,,,,87,17900.01052,16104.42381,14396.76385,44205.6269,3261.157967,2502.442226
,,,,,88,18304.65793,16077.52619,14729.70529,44487.19478,2886.559661,2647.467902
,,,,,89,20606.52707,16416.31038,15020.88552,44290.23265,3117.322599,2814.241598
,,,,,90,19902.3997,17486.61928,14757.40404,42994.38039,3117.322599,2814.241598
,,,,,91,18548.67998,17213.80868,14157.74385,42390.56084,3117.322599,2814.241598
,,,,,92,19107.88179,16974.93071,14663.32629,43172.54448,3117.322599,2814.241598
,,,,,93,18317.81122,16715.91803,14303.62836,43508.21396,3117.322599,2814.241598
,,,,,94,16857.84863,16547.02136,13539.91653,46329.28996,2886.559661,2814.241598
,,,,,95,15367.02331,15493.03151,12441.3431,43426.83815,2886.559661,2814.241598
,,,,,96,13938.38801,14742.71511,11506.60319,40842.56466,2886.559661,2814.241598
,,,,,97,13565.15726,13835.85853,10601.00518,38606.66243,2892.268185,2592.769401
,,,,,98,13440.73145,13696.03177,10437.53776,37956.41523,2892.268185,2467.247674
,,,,,99,13440.73145,13696.03177,10437.53776,37199.50257,2892.268185,2467.247674
,,,,,100,13440.73145,13696.03177,10437.53776,37199.50257,2892.268185,2467.247674
,,,,,101,13945.63099,13706.83979,10437.53776,37199.50257,2892.268185,2467.247674
,,,,,102,16272.68457,14536.35282,11715.37088,38247.28092,2892.268185,2467.247674
,,,,,103,17749.68196,15711.07647,12515.00373,39793.49559,2892.268185,2592.769401
,,,,,104,17475.46562,15507.18141,12702.18752,39348.09798,2892.268185,2592.769401
,,,,,105,18123.06643,15401.14453,13475.26991,41120.01474,2892.268185,2592.769401
,,,,,106,18515.45151,15571.18512,14050.36849,43005.00304,2892.268185,2592.769401
,,,,,107,19537.85111,16312.1444,15258.70896,43751.78272,3254.136962,2592.769401
,,,,,108,19262.45809,16493.69412,13940.96957,42643.52686,3254.136962,2592.769401
,,,,,109,17717.22323,15735.30622,13715.24173,41927.29722,3254.136962,2467.247674
,,,,,110,17933.76681,15376.52296,13998.45885,42868.54275,3254.136962,2467.247674
,,,,,111,17899.28228,15767.52306,13868.92633,42979.71107,3254.136962,2467.247674
,,,,,112,18301.08656,15741.12067,14181.48481,43231.35433,2892.268185,2592.769401
,,,,,113,20590.72185,16073.66733,14454.83873,43055.32505,3114.997814,2741.34125
,,,,,114,19887.60203,17126.7946,14207.48782,41897.19402,3114.997814,2741.34125
,,,,,115,18543.39406,16856.4825,13644.53934,41357.5475,3114.997814,2741.34125
,,,,,116,19098.66664,16622.00263,14119.16959,42056.4231,3114.997814,2741.34125
,,,,,117,18314.14745,16367.75876,13781.49268,42356.41813,3114.997814,2741.34125
,,,,,118,16864.44281,16201.97172,13064.53595,44974.64175,2892.268185,2741.34125
,,,,,119,15384.09249,15167.38742,12033.21813,42283.69082,2892.268185,2741.34125
,,,,,120,13965.49517,14430.88546,11155.7038,39974.07003,2892.268185,2741.34125
,,,,,121,13633.92848,13585.06078,10331.85636,37850.12452,2819.817206,2550.523748
,,,,,122,13518.62377,13438.02596,10193.71512,37246.32247,2819.817206,2432.024326
,,,,,123,13518.62377,13438.02596,10193.71512,36560.18851,2819.817206,2432.024326
,,,,,124,13518.62377,13438.02596,10193.71512,36560.18851,2819.817206,2432.024326
,,,,,125,14001.82722,13450.92981,10193.71512,36560.18851,2819.817206,2432.024326
,,,,,126,16251.96968,14313.31139,11349.34319,37516.41252,2819.817206,2432.024326
,,,,,127,17680.151,15534.58218,12079.45888,38952.18588,2819.817206,2550.523748
,,,,,128,17414.9978,15322.608,12250.36961,38538.60163,2819.817206,2550.523748
,,,,,129,18041.19474,15212.36953,12956.24304,40183.95588,2819.817206,2550.523748
,,,,,130,18420.61132,15389.14779,13481.34465,41934.30532,2819.817206,2550.523748
,,,,,131,19409.21973,16159.46677,14648.39019,42627.74485,3075.359844,2550.523748
,,,,,132,19142.92855,16348.2102,13381.45648,41598.64826,3075.359844,2550.523748
,,,,,133,17648.7652,15559.772,13175.35259,40933.57668,3075.359844,2432.024326
,,,,,134,17858.1517,15186.77236,13433.94785,41807.59196,3075.359844,2432.024326
,,,,,135,17824.80696,15593.26541,13315.67641,41910.81988,3075.359844,2432.024326
,,,,,136,18213.33115,15565.81685,13601.0622,42144.48904,2819.817206,2550.523748
,,,,,137,20445.82396,15911.54031,13850.65174,41981.03298,2975.429086,2691.645685
,,,,,138,19747.41103,17000.96387,13624.8046,40905.62366,2975.429086,2691.645685
,,,,,139,18447.63015,16725.37367,13110.79681,40404.52242,2975.429086,2691.645685
,,,,,140,18984.55065,16481.60279,13544.16444,41053.4795,2975.429086,2691.645685
,,,,,141,18225.9604,16217.28479,13235.84392,41332.04682,2975.429086,2691.645685
,,,,,142,16824.16975,16044.92862,12581.21678,43828.42797,2819.817206,2691.645685
,,,,,143,15392.74633,14969.35004,11639.55796,41264.51419,2819.817206,2691.645685
,,,,,144,14021.03487,14203.665,10838.33152,39119.86245,2819.817206,2691.645685
,,,,,145,13530.52571,13581.58172,10142.97172,37684.94959,2761.116528,2505.749326
,,,,,146,13406.5302,13411.1813,9987.92289,37054.61296,2761.116528,2391.931443
,,,,,147,13406.5302,13411.1813,9987.92289,36328.04241,2761.116528,2391.931443
,,,,,148,13406.5302,13411.1813,9987.92289,36328.04241,2761.116528,2391.931443
,,,,,149,13910.40617,13430.87899,9987.92289,36328.04241,2761.116528,2391.931443
,,,,,150,16233.83129,14399.80706,11225.13424,37336.57234,2761.116528,2391.931443
,,,,,151,17708.52568,15771.96482,12001.65912,38835.44195,2761.116528,2505.749326
,,,,,152,17434.73687,15533.80141,12183.43364,38403.6824,2761.116528,2505.749326
,,,,,153,18081.32799,15409.94307,12934.17532,40121.34309,2761.116528,2505.749326
,,,,,154,18473.10127,15608.56213,13492.65457,41948.61308,2761.116528,2505.749326
,,,,,155,19493.90671,16474.05336,14687.26833,42672.52639,3018.44538,2505.749326
,,,,,156,19218.94302,16686.11587,13386.41709,41598.2053,3018.44538,2505.749326
,,,,,157,17676.11768,15800.26682,13167.21238,40903.9066,3018.44538,2391.931443
,,,,,158,17892.32349,15381.18339,13442.24503,41816.3312,3018.44538,2391.931443
,,,,,159,17857.89265,15837.89831,13316.45577,41924.09556,3018.44538,2391.931443
,,,,,160,18259.07046,15807.0585,13619.98187,42168.03351,2761.116528,2505.749326
,,,,,161,20546.00985,16195.4958,13885.43635,41997.39423,2917.857618,2641.898513
,,,,,162,19843.11219,17402.57722,13645.23344,40874.72516,2917.857618,2641.898513
,,,,,163,18501.00018,17109.87757,13098.55316,40351.60261,2917.857618,2641.898513
,,,,,164,19055.407,16835.98901,13559.46744,41029.07865,2917.857618,2641.898513
,,,,,165,18272.11094,16539.01475,13231.54879,41319.88783,2917.857618,2641.898513
,,,,,166,16824.66677,16345.36412,12535.31084,43885.87883,2761.116528,2641.898513
,,,,,167,15346.62475,15136.89873,11533.79627,41249.38743,2761.116528,2641.898513
,,,,,168,13930.23938,14276.61396,10681.64054,39010.4872,2761.116528,2641.898513
,,,,,169,13569.16695,13908.48433,10281.24644,38317.82283,2701.80286,2499.099331
,,,,,170,13428.4917,13742.04994,10097.05731,37620.77619,2701.80286,2384.006005
,,,,,171,13428.4917,13742.04994,10097.05731,36792.54489,2701.80286,2384.006005
,,,,,172,13428.4917,13742.04994,10097.05731,36792.54489,2701.80286,2384.006005
,,,,,173,13972.04328,13760.59445,10097.05731,36792.54489,2701.80286,2384.006005
,,,,,174,16436.11569,14711.43757,11475.68347,37932.576,2701.80286,2384.006005
,,,,,175,18000.07981,16057.98412,12332.77292,39590.07448,2701.80286,2499.099331
,,,,,176,17709.71752,15824.26602,12533.40657,39112.62081,2701.80286,2499.099331
,,,,,177,18395.44949,15702.71948,13362.03781,41012.06555,2701.80286,2499.099331
,,,,,178,18810.93866,15897.63133,13978.45936,43032.71981,2701.80286,2499.099331
,,,,,179,19893.53796,16746.96824,15220.94457,43833.24655,2947.900991,2499.099331
,,,,,180,19601.92949,16955.07263,13861.19973,42645.22755,2947.900991,2499.099331
,,,,,181,17965.71007,16085.75787,13619.2525,41877.44959,2947.900991,2384.006005
,,,,,182,18195.00378,15674.49659,13922.81983,42886.43823,2947.900991,2384.006005
,,,,,183,18158.48884,16122.68697,13783.97991,43005.60753,2947.900991,2384.006005
,,,,,184,18583.95154,16092.42278,14118.99689,43275.36201,2701.80286,2499.099331
,,,,,185,20975.38762,16473.60993,14411.99231,43086.66358,2851.455466,2636.603829
,,,,,186,20263.8825,17660.72038,14146.86831,41845.17981,2851.455466,2636.603829
,,,,,187,18840.52642,17370.92485,13543.46988,41266.69398,2851.455466,2636.603829
,,,,,188,19428.49388,17102.1484,14052.20408,42015.86889,2851.455466,2636.603829
,,,,,189,18597.78151,16810.71713,13690.26382,42337.45509,2851.455466,2636.603829
,,,,,190,17062.71715,16620.68098,12921.79108,45078.45065,2701.80286,2636.603829
,,,,,191,15495.20259,15434.77149,11816.36923,42259.49347,2701.80286,2636.603829
,,,,,192,13993.07709,14590.54386,10875.80223,39783.64518,2701.80286,2636.603829
,,,,,193,13928.38135,14007.54138,10726.19041,38697.07408,2703.75985,2497.947993
,,,,,194,13793.10246,13838.10205,10540.17203,37990.77885,2703.75985,2391.420283
,,,,,195,13793.10246,13838.10205,10540.17203,37148.45342,2703.75985,2391.420283
,,,,,196,13793.10246,13838.10205,10540.17203,37148.45342,2703.75985,2391.420283
,,,,,197,14323.81789,13857.52029,10540.17203,37148.45342,2703.75985,2391.420283
,,,,,198,16742.38716,14822.06585,11927.11443,38306.7157,2703.75985,2391.420283
,,,,,199,18277.46997,16188.01726,12788.85874,39986.20631,2703.75985,2497.947993
,,,,,200,17992.46968,15950.93108,12990.58203,39502.41765,2703.75985,2497.947993
,,,,,201,18665.53848,15827.63295,13823.71356,41427.06473,2703.75985,2497.947993
,,,,,202,19073.35494,16025.35365,14443.4829,43474.52956,2703.75985,2497.947993
,,,,,203,20135.96223,16886.93021,15688.7243,44285.6779,2992.810546,2497.947993
,,,,,204,19849.73881,17098.03356,14325.58643,43081.89595,2992.810546,2497.947993
,,,,,205,18243.73493,16216.19125,14082.32519,42303.93091,2992.810546,2391.420283
,,,,,206,18468.7944,15799.00335,14387.54119,43326.30707,2992.810546,2391.420283
,,,,,207,18432.95369,16253.65252,14247.94723,43447.05755,2992.810546,2391.420283
,,,,,208,18850.55957,16222.95221,14584.78369,43720.3912,2703.75985,2497.947993
,,,,,209,21208.18814,16609.63258,14879.37037,43529.18907,2880.526939,2626.367113
,,,,,210,20499.46786,17811.87446,14612.80648,42271.23297,2880.526939,2626.367113
,,,,,211,19102.39627,17519.87856,14006.13099,41685.07163,2880.526939,2626.367113
,,,,,212,19679.50601,17247.22881,14517.62813,42444.18679,2880.526939,2626.367113
,,,,,213,18864.13411,16951.59778,14153.72217,42770.03989,2880.526939,2626.367113
,,,,,214,17357.41726,16758.82305,13381.07585,45535.29788,2703.75985,2626.367113
,,,,,215,15818.8495,15555.82361,12269.65046,42691.04385,2703.75985,2626.367113
,,,,,216,14344.46327,14699.42995,11323.97524,40182.34535,2703.75985,2626.367113
,,,,,217,14083.36666,13723.36734,10690.94253,38705.21881,2776.960581,2482.247025
,,,,,218,13956.55072,13536.82266,10501.82666,37982.1964,2776.960581,2371.62512
,,,,,219,13956.55072,13536.82266,10501.82666,37114.38009,2776.960581,2371.62512
,,,,,220,13956.55072,13536.82266,10501.82666,37114.38009,2776.960581,2371.62512
,,,,,221,14467.13557,13561.21449,10501.82666,37114.38009,2776.960581,2371.62512
,,,,,222,16814.34312,14603.75997,11902.85098,38305.61558,2776.960581,2371.62512
,,,,,223,18304.13242,16080.1718,12772.47736,40024.88152,2776.960581,2482.247025
,,,,,224,18027.54115,15823.91316,12976.04575,39529.63531,2776.960581,2482.247025
,,,,,225,18680.75066,15690.64429,13816.79765,41499.86376,2776.960581,2482.247025
,,,,,226,19076.5342,15904.35406,14442.2358,43595.81864,2776.960581,2482.247025
,,,,,227,20107.78862,16835.60376,15692.14424,44426.17739,3128.071813,2482.247025
,,,,,228,19830.01029,17063.7784,14323.26097,43193.8863,3128.071813,2482.247025
,,,,,229,18271.39274,16110.62413,14077.7747,42397.49674,3128.071813,2371.62512
,,,,,230,18489.81159,15659.6995,14385.78241,43444.08581,3128.071813,2371.62512
,,,,,231,18455.02849,16151.11479,14244.91163,43567.69602,3128.071813,2371.62512
,,,,,232,18860.31258,16117.93183,14584.82901,43847.50302,2776.960581,2482.247025
,,,,,233,21164.92159,16535.88189,14882.11018,43651.77266,2992.896073,2615.008548
,,,,,234,20460.5686,17824.25803,14613.10812,42364.02441,2992.896073,2615.008548
,,,,,235,19104.71867,17519.73674,14000.88358,41763.98103,2992.896073,2615.008548
,,,,,236,19664.8004,17225.03863,14517.05921,42541.07429,2992.896073,2615.008548
,,,,,237,18873.48661,16905.50079,14149.82473,42874.64456,2992.896073,2615.008548
,,,,,238,17411.2265,16697.13694,13370.11128,45683.784,2776.960581,2615.008548
,,,,,239,15918.05521,15396.85454,12248.52007,42793.77766,2776.960581,2615.008548
,,,,,240,14487.17179,14471.20688,11294.19508,40225.66572,2776.960581,2615.008548
,,,,,241,13898.89581,13640.75366,10650.48695,38645.53427,2870.489295,2475.20383
,,,,,242,13774.15259,13431.59971,10463.60514,37896.70783,2870.489295,2353.641135
,,,,,243,13774.15259,13431.59971,10463.60514,36989.56824,2870.489295,2353.641135
,,,,,244,13774.15259,13431.59971,10463.60514,36989.56824,2870.489295,2353.641135
,,,,,245,14279.80714,13462.56547,10463.60514,36989.56824,2870.489295,2353.641135
,,,,,246,16609.53719,14608.20855,11854.4729,38231.66955,2870.489295,2353.641135
,,,,,247,18088.23343,16230.62315,12718.41435,40012.29456,2870.489295,2475.20383
,,,,,248,17813.70171,15949.02303,12920.65196,39499.37346,2870.489295,2475.20383
,,,,,249,18462.0474,15802.57516,13755.90769,41539.91759,2870.489295,2475.20383
,,,,,250,18854.88372,16037.41875,14377.25722,43710.67523,2870.489295,2475.20383
,,,,,251,19878.45934,17060.75998,15623.79956,44570.66874,3281.303511,2475.20383
,,,,,252,19602.74946,17311.49888,14259.06016,43294.39829,3281.303511,2475.20383
,,,,,253,18055.73748,16264.08692,14015.17868,42469.58629,3281.303511,2353.641135
,,,,,254,18272.53006,15768.57023,14321.17287,43553.52719,3281.303511,2353.641135
,,,,,255,18238.00585,16308.58171,14181.223,43681.54894,3281.303511,2353.641135
,,,,,256,18640.27223,16272.11728,14518.91827,43971.342,2870.489295,2475.20383
,,,,,257,20931.8961,16731.39854,14814.25604,43768.62619,3124.110348,2619.572125
,,,,,258,20228.61259,18133.62398,14547.01251,42434.91937,3124.110348,2619.572125
,,,,,259,18882.85838,17812.54707,13938.79022,41813.46098,3124.110348,2619.572125
,,,,,260,19438.76977,17488.70618,14451.59149,42618.288,3124.110348,2619.572125
,,,,,261,18653.34811,17137.56916,14086.7577,42963.76309,3124.110348,2619.572125
,,,,,262,17201.9762,16908.60015,13312.14141,45840.59586,2870.489295,2619.572125
,,,,,263,15719.92314,15479.73246,12197.88227,42880.01013,2870.489295,2619.572125
,,,,,264,14299.69417,14462.54725,11249.79591,40220.24457,2870.489295,2619.572125
,,,,,265,13727.20002,13964.2396,10619.78161,38612.36588,2969.21212,2475.336535
,,,,,266,13599.13645,13732.75936,10428.08228,37873.29387,2969.21212,2349.185688
,,,,,267,13599.13645,13733.93408,10428.08228,36981.01924,2969.21212,2349.185688
,,,,,268,13599.13645,13732.75936,10428.08228,36981.01924,2969.21212,2349.185688
,,,,,269,14112.689,13770.49212,10428.08228,36981.01924,2969.21212,2349.185688
,,,,,270,16470.41697,15016.17212,11842.14133,38203.89228,2969.21212,2349.185688
,,,,,271,17966.88345,16780.25504,12719.2672,39961.32237,2969.21212,2475.336535
,,,,,272,17689.05259,16474.06576,12924.59112,39455.08272,2969.21212,2475.336535
,,,,,273,18345.18988,16314.83014,13772.5935,41469.04617,2969.21212,2475.336535
,,,,,274,18742.74725,16570.18014,14403.42532,43611.52692,2969.21212,2475.336535
,,,,,275,19778.62374,17682.87896,15657.79858,44460.31791,3406.960462,2475.336535
,,,,,276,19499.60055,17955.51223,14283.42447,43200.67251,3406.960462,2475.336535
,,,,,277,17933.99704,16816.64085,14035.82117,42386.60474,3406.960462,2349.185688
,,,,,278,18153.39495,16277.85592,14346.48508,43456.42593,3406.960462,2349.185688
,,,,,279,18118.45589,16865.0209,14204.39946,43582.78003,3406.960462,2349.185688
,,,,,280,18525.55646,16825.37242,14547.24822,43868.79817,2969.21212,2475.336535
,,,,,281,20837.98194,17324.75786,14847.09308,43668.72299,3239.836425,2624.576824
,,,,,282,20132.98504,18837.44272,14575.7712,42352.3894,3239.836425,2624.576824
,,,,,283,18771.05804,18500.31167,13958.26696,41739.0263,3239.836425,2624.576824
,,,,,284,19333.65007,18148.19317,14478.89398,42533.36943,3239.836425,2624.576824
,,,,,285,18538.78961,17766.39506,14108.49255,42874.34426,3239.836425,2624.576824
,,,,,286,17069.9755,17517.43261,13322.055,45725.58764,2969.21212,2624.576824
,,,,,287,15570.11177,15963.797,12190.7914,42791.68228,2969.21212,2624.576824
,,,,,288,14132.81503,14857.79175,11228.2365,40166.56357,2969.21212,2624.576824
,,,,,289,13585.08458,14419.56251,10584.35711,38418.58807,3034.542544,2507.025998
,,,,,290,13453.20152,14186.2205,10379.69114,37660.00529,3034.542544,2378.520865
,,,,,291,13453.20152,14187.80026,10379.69114,36737.9978,3034.542544,2378.520865
,,,,,292,13453.20152,14186.2205,10379.69114,36737.9978,3034.542544,2378.520865
,,,,,293,13975.83935,14224.58953,10379.69114,36737.9978,3034.542544,2378.520865
,,,,,294,16365.774,15478.14874,11856.31743,37999.33118,3034.542544,2378.520865
,,,,,295,17882.68229,17253.38988,12769.03508,39803.15568,3034.542544,2507.025998
,,,,,296,17601.05625,16945.26388,12982.69058,39283.55181,3034.542544,2507.025998
,,,,,297,18266.1564,16785.02106,13865.10298,41350.6819,3034.542544,2507.025998
,,,,,298,18669.14444,17041.98622,14521.53253,43549.72202,3034.542544,2507.025998
,,,,,299,19719.17105,18161.7231,15797.0482,44420.92026,3496.338329,2507.025998
,,,,,300,19436.33638,18436.08084,14396.66232,43128.02146,3496.338329,2507.025998
,,,,,301,17849.34661,17290.00585,14139.01184,42292.46311,3496.338329,2378.520865
,,,,,302,18071.74164,16747.81298,14462.28178,43390.52652,3496.338329,2378.520865
,,,,,303,18036.32515,17338.69191,14314.43065,43520.21624,3496.338329,2378.520865
,,,,,304,18448.98683,17298.79264,14671.19144,43813.78497,3034.542544,2507.025998
,,,,,305,20785.34082,17801.33681,14983.20333,43608.42801,3320.346677,2658.760649
,,,,,306,20078.37295,19322.71912,14700.87182,42257.34452,3320.346677,2658.760649
,,,,,307,18697.84191,18984.32625,14058.31065,41627.78923,3320.346677,2658.760649
,,,,,308,19268.119,18629.98053,14600.06354,42443.10223,3320.346677,2658.760649
,,,,,309,18462.40081,18245.76746,14214.63205,42793.07847,3320.346677,2658.760649
,,,,,310,16973.52255,17995.23027,13396.28265,45695.50568,3034.542544,2658.760649
,,,,,311,15453.1706,16431.76756,12219.11493,42708.2343,3034.542544,2658.760649
,,,,,312,13996.24031,15318.76658,11217.50173,40013.81504,3034.542544,2658.760649
,,,,,313,13538.53832,14694.83387,10537.12564,38402.61563,3077.129813,2536.550403
,,,,,314,13398.73428,14470.38961,10316.56306,37618.06819,3077.129813,2401.030336
,,,,,315,13398.73428,14470.38961,10316.56306,36656.49262,3077.129813,2401.030336
,,,,,316,13398.73428,14470.38961,10316.56306,36656.49262,3077.129813,2401.030336
,,,,,317,13940.21356,14505.80121,10316.56306,36656.49262,3077.129813,2401.030336
,,,,,318,16396.93978,15721.16771,11869.89439,37969.00847,3077.129813,2401.030336
,,,,,319,17956.2413,17442.32185,12826.24622,39834.57402,3077.129813,2536.550403
,,,,,320,17666.74459,17143.58365,13050.11592,39297.18522,3077.129813,2536.550403
,,,,,321,18350.43216,16988.22302,13974.71369,41435.06873,3077.129813,2536.550403
,,,,,322,18764.68256,17237.35911,14662.52507,43709.37728,3077.129813,2536.550403
,,,,,323,19844.05436,18322.9805,15963.96054,44610.39476,3584.046473,2536.550403
,,,,,324,19553.31526,18588.97927,14531.68521,43273.24281,3584.046473,2536.550403
,,,,,325,17921.97399,17477.82222,14261.71727,42409.08509,3584.046473,2401.030336
,,,,,326,18150.58409,16952.14856,14600.44173,43544.73286,3584.046473,2401.030336
,,,,,327,18114.17801,17525.02495,14445.52231,43678.86158,3584.046473,2401.030336
,,,,,328,18538.3723,17486.3413,14819.33871,43982.47854,3077.129813,2536.550403
,,,,,329,20924.3502,17973.57425,15146.2669,43770.09265,3391.415893,2695.732508
,,,,,330,20213.29484,19452.7943,14850.43801,42372.76447,3391.415893,2695.732508
,,,,,331,18794.18222,19120.52107,14177.15801,41721.66086,3391.415893,2695.732508
,,,,,332,19380.39676,18776.97134,14744.81041,42564.88027,3391.415893,2695.732508
,,,,,333,18552.1611,18404.46425,14340.95265,42926.83545,3391.415893,2695.732508
,,,,,334,17021.67319,18161.56028,13483.48053,45897.37739,3077.129813,2695.732508
,,,,,335,15458.83183,16645.73223,12250.0361,42839.08724,3077.129813,2695.732508
,,,,,336,13961.18465,15566.64152,11200.53891,40052.4438,3077.129813,2695.732508
,,,,,337,13559.73714,14224.63201,10628.51668,38704.50458,3109.641951,2532.588913
,,,,,338,13422.70712,13996.88821,10405.54848,37921.10716,3109.641951,2396.480275
,,,,,339,13422.70712,13996.88821,10405.54848,36961.28413,3109.641951,2396.480275
,,,,,340,13422.70712,13996.88821,10405.54848,36961.28413,3109.641951,2396.480275
,,,,,341,13957.58791,14033.25919,10405.54848,36961.28413,3109.641951,2396.480275
,,,,,342,16390.923,15263.67151,11970.48751,38271.53302,3109.641951,2396.480275
,,,,,343,17935.37793,17006.13295,12933.44245,40134.36394,3109.641951,2532.588913
,,,,,344,17648.63757,16703.69648,13158.85785,39597.76287,3109.641951,2532.588913
,,,,,345,18325.81576,16546.41253,14089.8395,41732.51258,3109.641951,2532.588913
,,,,,346,18736.12194,16798.63284,14782.39986,44003.48735,3109.641951,2532.588913
,,,,,347,19805.21669,17897.69385,16087.75774,44903.18408,3621.02338,2532.588913
,,,,,348,19517.2458,18166.98559,14650.65662,43567.99219,3621.02338,2532.588913
,,,,,349,17901.43686,17042.0728,14378.82469,42705.10119,3621.02338,2396.480275
,,,,,350,18127.87047,16509.89148,14719.88787,43839.08427,3621.02338,2396.480275
,,,,,351,18091.81089,17089.85988,14563.8988,43973.01638,3621.02338,2396.480275
,,,,,352,18511.96643,17050.69735,14940.29622,44276.18829,3109.641951,2532.588913
,,,,,353,20880.56538,17543.96207,15269.48168,44064.11372,3426.742514,2692.401366
,,,,,354,20170.94147,19039.79702,14971.61024,42668.8338,3426.742514,2692.401366
,,,,,355,18765.34065,18705.1077,14293.68159,42018.68461,3426.742514,2692.401366
,,,,,356,19345.97367,18357.30494,14865.25334,42860.668,3426.742514,2692.401366
,,,,,357,18525.62382,17980.18634,14458.60715,43222.0926,3426.742514,2692.401366
,,,,,358,17009.70812,17734.2753,13595.21462,46189.61762,3109.641951,2692.401366
,,,,,359,15461.74702,16199.68182,12353.2539,43134.47302,3109.641951,2692.401366
,,,,,360,13978.35934,15107.23233,11296.51047,40351.91436,3109.641951,2692.401366
,,,,,361,13523.80831,13741.78071,10794.98723,38840.53755,3181.314716,2518.588535
,,,,,362,13391.34264,13497.55128,10584.12793,38045.28161,3181.314716,2379.979391
,,,,,363,13391.34264,13501.49964,10584.12793,37067.38715,3181.314716,2379.979391
,,,,,364,13391.34264,13497.55128,10584.12793,37067.38715,3181.314716,2379.979391
,,,,,365,13915.36635,13539.64117,10584.12793,37067.38715,3181.314716,2379.979391
,,,,,366,16310.21384,14839.27703,12090.63854,38401.01197,3181.314716,2379.979391
,,,,,367,17830.24044,16679.77011,13020.35609,40292.04111,3181.314716,2518.588535
,,,,,368,17548.03536,16360.31843,13237.99105,39747.31735,3181.314716,2518.588535
,,,,,369,18214.50273,16194.18561,14136.83889,41914.38139,3181.314716,2518.588535
,,,,,370,18618.31914,16460.59595,14805.49481,44219.73256,3181.314716,2518.588535
,,,,,371,19670.50429,17621.49062,16091.10885,45133.04827,3681.261742,2518.588535
,,,,,372,19387.08811,17905.93283,14678.29882,43777.64519,3681.261742,2518.588535
,,,,,373,17796.83625,16717.73195,14415.84946,42901.69235,3681.261742,2379.979391
,,,,,374,18019.68828,16155.60988,14745.14049,44052.84087,3681.261742,2379.979391
,,,,,375,17984.19917,16768.20755,14594.53555,44188.80035,3681.261742,2379.979391
,,,,,376,18397.70898,16726.84172,14957.94121,44496.56146,3181.314716,2518.588535
,,,,,377,20737.71306,17247.85773,15275.7645,44281.27666,3491.200866,2681.048945
,,,,,378,20030.44448,18820.10174,14988.1744,42864.87598,3491.200866,2681.048945
,,,,,379,18647.07573,18474.32992,14333.64516,42204.88529,3491.200866,2681.048945
,,,,,380,19218.52505,18106.95963,14885.48851,43059.61402,3491.200866,2681.048945
,,,,,381,18411.15046,17708.62417,14492.87814,43426.50962,3491.200866,2681.048945
,,,,,382,16919.21168,17448.87807,13659.28651,46425.14383,3181.314716,2681.048945
,,,,,383,15395.73445,15827.94769,12460.19336,43337.56371,3181.314716,2681.048945
,,,,,384,13935.80923,14674.03651,11439.92453,40512.88465,3181.314716,2681.048945
,,,,,385,13308.28017,13656.61299,10902.54579,38892.47446,3217.250719,2528.446796
,,,,,386,13169.66099,13404.86758,10683.4786,38072.80105,3217.250719,2381.13073
,,,,,387,13169.66099,13410.45108,10683.4786,37057.69628,3217.250719,2381.13073
,,,,,388,13169.66099,13404.86758,10683.4786,37057.69628,3217.250719,2381.13073
,,,,,389,13708.32185,13449.52612,10683.4786,37057.69628,3217.250719,2381.13073
,,,,,390,16155.057,14780.97037,12229.59432,38439.45372,3217.250719,2381.13073
,,,,,391,17708.01714,16666.50926,13181.8415,40388.54488,3217.250719,2528.446796
,,,,,392,17419.6976,16339.23905,13404.75035,39827.09596,3217.250719,2528.446796
,,,,,393,18100.60495,16169.04016,14325.37976,42060.69737,3217.250719,2528.446796
,,,,,394,18513.17061,16441.97085,15010.23907,44436.83188,3217.250719,2528.446796
,,,,,395,19588.15288,17631.27825,16309.23627,45378.18996,3729.145312,2528.446796
,,,,,396,19298.59606,17922.68215,14879.96077,43981.17068,3729.145312,2528.446796
,,,,,397,17673.88915,16705.40022,14611.15153,43078.32266,3729.145312,2381.13073
,,,,,398,17901.5696,16129.52029,14948.42219,44264.81595,3729.145312,2381.13073
,,,,,399,17865.31141,16757.1112,14794.16768,44404.94992,3729.145312,2381.13073
,,,,,400,18287.78062,16714.73295,15166.37967,44722.1605,3217.250719,2528.446796
,,,,,401,20666.33564,17248.50075,15491.90469,44500.26562,3534.677841,2700.148635
,,,,,402,19955.89159,18855.85646,15197.34549,43040.37587,3534.677841,2700.148635
,,,,,403,18542.55021,18504.99067,14526.9552,42360.12088,3534.677841,2700.148635
,,,,,404,19126.38077,18128.62904,15092.17124,43241.09314,3534.677841,2700.148635
,,,,,405,18301.51343,17720.54439,14690.04683,43619.25387,3534.677841,2700.148635
,,,,,406,16777.24964,17454.44103,13836.25496,46681.944,3217.250719,2700.148635
,,,,,407,15220.76416,15793.83861,12608.10447,43527.57697,3217.250719,2700.148635
,,,,,408,13729.20765,14611.68562,11563.1117,40616.16918,3217.250719,2700.148635
,,,,,409,13219.45282,14268.78694,11019.75869,39218.15848,3243.550333,2597.417762
,,,,,410,13078.49094,14037.41538,10792.1607,38382.32922,3243.550333,2438.93113
,,,,,411,13078.49094,14038.56646,10792.1607,37342.60423,3243.550333,2438.93113
,,,,,412,13078.49094,14037.41538,10792.1607,37342.60423,3243.550333,2438.93113
,,,,,413,13622.72435,14075.111,10792.1607,37342.60423,3243.550333,2438.93113
,,,,,414,16089.21385,15320.33106,12379.43962,38756.20866,3243.550333,2438.93113
,,,,,415,17654.71216,17083.76263,13355.10276,40743.71659,3243.550333,2597.417762
,,,,,416,17364.06496,16777.6864,13583.49299,40171.20146,3243.550333,2597.417762
,,,,,417,18050.46968,16618.50958,14526.76087,42448.82739,3243.550333,2597.417762
,,,,,418,18466.36628,16873.7653,15228.46101,44871.79574,3243.550333,2597.417762
,,,,,419,19550.02764,17986.05327,16541.36788,45831.70808,3787.772263,2597.417762
,,,,,420,19258.13311,18258.58588,15094.97914,44407.15342,3787.772263,2597.417762
,,,,,421,17620.30866,17120.13501,14819.55982,43486.51017,3787.772263,2438.93113
,,,,,422,17849.82733,16581.54901,15165.12404,44696.38936,3787.772263,2438.93113
,,,,,423,17813.27649,17168.4972,15007.07638,44839.28539,3787.772263,2438.93113
,,,,,424,18239.15667,17128.86335,15388.44114,45162.74822,3243.550333,2597.417762
,,,,,425,20632.38848,17628.06441,15721.97089,44936.47976,3581.385411,2780.970895
,,,,,426,19920.73548,19140.24156,15420.16842,43447.81545,3581.385411,2780.970895
,,,,,427,18495.98319,18803.18416,14733.29309,42754.15256,3581.385411,2780.970895
,,,,,428,19084.52738,18451.19568,15312.40791,43652.48887,3581.385411,2780.970895
,,,,,429,18253.00015,18069.53854,14900.39518,44038.10319,3581.385411,2780.970895
,,,,,430,16716.4299,17820.66802,14025.60839,47143.17597,3243.550333,2780.970895
,,,,,431,15147.37776,16267.60605,12767.25741,43944.61933,3243.550333,2780.970895
,,,,,432,13643.77879,15162.00917,11696.56806,40975.8274,3243.550333,2780.970895
,,,,,433,13258.67707,14639.74062,11026.44863,39475.20801,3258.072601,2655.862775
,,,,,434,13121.19038,14422.62545,10797.21921,38615.45301,3258.072601,2489.745605
,,,,,435,13121.19038,14422.62545,10797.21921,37539.2671,3258.072601,2489.745605
,,,,,436,13121.19038,14422.62545,10797.21921,37539.2671,3258.072601,2489.745605
,,,,,437,13657.15745,14455.90603,10797.21921,37539.2671,3258.072601,2489.745605
,,,,,438,16094.34331,15637.85209,12392.3702,39000.0348,3258.072601,2489.745605
,,,,,439,17641.24236,17311.67752,13372.51142,41044.43544,3258.072601,2655.862775
,,,,,440,17354.04829,17021.1541,13601.94991,40455.53198,3258.072601,2655.862775
,,,,,441,18032.29809,16870.06561,14549.54718,42798.35528,3258.072601,2655.862775
,,,,,442,18443.25346,17112.35089,15254.46797,45290.68145,3258.072601,2655.862775
,,,,,443,19514.0402,18168.11961,16570.03493,46278.07143,3799.738296,2655.862775
,,,,,444,19225.61362,18426.80388,15120.37345,44812.73868,3799.738296,2655.862775
,,,,,445,17607.2476,17346.20169,14843.69002,43865.74188,3799.738296,2489.745605
,,,,,446,17834.03941,16834.98314,15190.8403,45110.25404,3799.738296,2489.745605
,,,,,447,17797.92285,17392.10643,15032.06723,45257.24048,3799.738296,2489.745605
,,,,,448,18218.74322,17354.48652,15415.18237,45589.96249,3258.072601,2655.862775
,,,,,449,20590.20342,17828.32141,15750.24295,45357.21707,3594.294187,2839.615179
,,,,,450,19880.34367,19270.63573,15447.05528,43825.93952,3594.294187,2839.615179
,,,,,451,18472.51844,18943.72922,14757.02734,43112.42043,3594.294187,2839.615179
,,,,,452,19054.07041,18609.6265,15338.80017,44036.47175,3594.294187,2839.615179
,,,,,453,18232.42234,18247.3627,14924.89639,44433.12433,3594.294187,2839.615179
,,,,,454,16714.10766,18011.13816,14046.09452,47600.963,3258.072601,2839.615179
,,,,,455,15163.6969,16536.99271,12781.96799,44336.96448,3258.072601,2839.615179
,,,,,456,13677.96174,15487.57509,11706.36441,41283.19045,3258.072601,2839.615179
,,,,,457,13228.11968,14811.5349,10992.44054,39685.62443,3234.826142,2701.362123
,,,,,458,13080.86315,14592.49388,10750.94803,38739.73268,3234.826142,2544.938561
,,,,,459,13080.86315,14592.49388,10750.94803,37532.28118,3234.826142,2544.938561
,,,,,460,13080.86315,14592.49388,10750.94803,37532.28118,3234.826142,2544.938561
,,,,,461,13640.06944,14626.33442,10750.94803,37532.28118,3234.826142,2544.938561
,,,,,462,16159.63675,15817.06231,12405.27144,39162.84478,3234.826142,2544.938561
,,,,,463,17758.82383,17503.32421,13419.07328,41092.87618,3234.826142,2701.362123
,,,,,464,17461.92203,17210.64221,13656.3913,40754.1211,3234.826142,2701.362123
,,,,,465,18163.0979,17058.43114,14636.53156,43341.70975,3234.826142,2701.362123
,,,,,466,18587.94451,17302.51659,15365.66118,46083.73602,3234.826142,2701.362123
,,,,,467,19694.92586,18366.12965,16701.2234,47170.0502,3740.642889,2701.362123
,,,,,468,19396.74972,18626.73593,15226.9615,45557.90932,3740.642889,2701.362123
,,,,,469,17723.68006,17538.1049,14940.77603,44516.03522,3740.642889,2544.938561
,,,,,470,17958.13782,17023.08801,15299.84837,45885.23203,3740.642889,2544.938561
,,,,,471,17920.80044,17584.35071,15135.62262,46046.94469,3740.642889,2544.938561
,,,,,472,18355.84538,17546.45128,15531.89494,46413.0013,3234.826142,2701.362123
,,,,,473,20677.51273,18023.80676,15878.46238,46156.93768,3548.416619,2863.531642
,,,,,474,20025.55128,19475.81872,15564.86244,44472.24516,3548.416619,2863.531642
,,,,,475,18618.19859,19147.50201,14851.13713,43687.24032,3548.416619,2863.531642
,,,,,476,19219.4081,18810.91692,15452.88957,44703.8701,3548.416619,2863.531642
,,,,,477,18369.98677,18445.96151,15024.77124,45140.26233,3548.416619,2863.531642
,,,,,478,16800.35027,18207.98183,14115.78901,48534.06902,3234.826142,2863.531642
,,,,,479,15197.53274,16722.88352,12808.24905,45034.46847,3234.826142,2863.531642
,,,,,480,13661.57697,15665.66876,11695.70641,41674.74424,3234.826142,2863.531642
,,,,,481,13375.89127,14885.32584,11132.75178,40070.73786,3146.020168,2707.270821
,,,,,482,13221.23516,14673.4417,10870.78432,39093.32115,3146.020168,2561.851945
,,,,,483,13221.23516,14673.4417,10870.78432,37837.82812,3146.020168,2561.851945
,,,,,484,13221.23516,14673.4417,10870.78432,37837.82812,3146.020168,2561.851945
,,,,,485,13798.04258,14705.20129,10870.78432,37837.82812,3146.020168,2561.851945
,,,,,486,16380.00467,15863.29399,12623.90443,39530.53486,3146.020168,2561.851945
,,,,,487,18018.7942,17503.33924,13693.90743,41854.72183,3146.020168,2707.270821
,,,,,488,17714.53984,17218.679,13944.38141,41185.22402,3146.020168,2707.270821
,,,,,489,18433.07968,17070.63969,14978.85676,43848.67426,3146.020168,2707.270821
,,,,,490,18868.44723,17308.03531,15748.40644,46682.08759,3146.020168,2707.270821
,,,,,491,20002.84184,18342.49711,17117.35355,47804.60676,3587.669716,2707.270821
,,,,,492,19697.28185,18595.96076,15602.0178,46138.73598,3587.669716,2707.270821
,,,,,493,17982.78007,17537.16667,15299.96734,45062.138,3587.669716,2561.851945
,,,,,494,18223.04399,17036.26523,15678.94522,46476.9678,3587.669716,2561.851945
,,,,,495,18184.78206,17582.14498,15505.61545,46644.07006,3587.669716,2561.851945
,,,,,496,18630.60041,17545.28429,15923.85554,47022.32672,3146.020168,2707.270821
,,,,,497,21109.62474,18009.55652,16289.6353,46757.72893,3419.109212,2865.122365
,,,,,498,20390.90507,19425.5299,15958.65062,45016.88849,3419.109212,2865.122365
,,,,,499,18899.45063,19102.4538,15205.35921,44205.72078,3419.109212,2865.122365
,,,,,500,19515.54855,18775.09376,15840.47042,45256.23309,3419.109212,2865.122365
,,,,,501,18645.09209,18420.14096,15388.61891,45707.16954,3419.109212,2865.122365
,,,,,502,17036.58482,18188.68377,14429.24631,49183.67764,3146.020168,2865.122365
,,,,,503,15394.07504,16744.28868,13049.22152,45597.84974,3146.020168,2865.122365
,,,,,504,13820.08272,15716.0498,11875.00392,42126.15164,3146.020168,2865.122365
,,,,,505,13684.3777,14446.00261,11376.89093,40616.3586,3060.156274,2624.784482
,,,,,506,13538.16261,14260.94642,11124.86685,39656.0184,3060.156274,2506.045455
,,,,,507,13538.16261,14260.94642,11124.86685,38426.54862,3060.156274,2506.045455
,,,,,508,13538.16261,14260.94642,11124.86685,38426.54862,3060.156274,2506.045455
,,,,,509,14094.89167,14284.90545,11124.86685,38426.54862,3060.156274,2506.045455
,,,,,510,16605.67728,15320.66343,12830.0077,40085.59352,3060.156274,2506.045455
,,,,,511,18199.29071,16787.46305,13872.71738,42369.17446,3060.156274,2624.784482
,,,,,512,17903.4238,16532.87279,14116.80234,41711.3735,3060.156274,2624.784482
,,,,,513,18602.15573,16400.47156,15124.8906,44328.29042,3060.156274,2624.784482
,,,,,514,19025.52165,16612.78998,15874.81083,47112.20099,3060.156274,2624.784482
,,,,,515,20128.64458,17537.97676,17227.54503,48215.10856,3551.075737,2624.784482
,,,,,516,19831.50794,17764.66587,15732.15623,46578.34232,3551.075737,2624.784482
,,,,,517,18164.26947,16817.71712,15437.81039,45520.55365,3551.075737,2506.045455
,,,,,518,18397.91006,16369.72824,15807.12142,46910.66486,3551.075737,2506.045455
,,,,,519,18360.70278,16857.94417,15638.21288,47074.84767,3551.075737,2506.045455
,,,,,520,18794.23146,16824.97725,16045.78463,47446.49578,3060.156274,2624.784482
,,,,,521,21220.3739,17240.20624,16402.23419,47186.5208,3364.342647,2766.159543
,,,,,522,20506.01,18521.08702,16079.69217,45476.09469,3364.342647,2766.159543
,,,,,523,19055.67033,18217.65569,15345.61549,44679.09896,3364.342647,2766.159543
,,,,,524,19654.78438,17924.87621,15964.52648,45711.2577,3364.342647,2766.159543
,,,,,525,18808.32361,17607.41873,15524.20066,46154.3158,3364.342647,2766.159543
,,,,,526,17244.1578,17400.41144,14589.29945,49586.026,3060.156274,2766.159543
,,,,,527,15646.92664,16108.59454,13244.47592,46046.90594,3060.156274,2766.159543
,,,,,528,14116.32422,15188.97332,12100.20992,42635.86211,3060.156274,2766.159543
,,,,,529,13764.96757,13546.89466,11535.67678,40723.02249,3113.913451,2586.019878
,,,,,530,13631.34606,13349.03273,11304.83359,39783.63646,3113.913451,2456.3204
,,,,,531,13631.34606,13349.03273,11304.83359,38586.09917,3113.913451,2456.3204
,,,,,532,13631.34606,13349.03273,11304.83359,38586.09917,3113.913451,2456.3204
,,,,,533,14158.11913,13376.71519,11304.83359,38586.09917,3113.913451,2456.3204
,,,,,534,16562.71293,14470.86698,12907.7714,40203.83845,3113.913451,2456.3204
,,,,,535,18088.92544,16020.36164,13892.3422,42437.59274,3113.913451,2586.019878
,,,,,536,17805.572,15751.41813,14122.8176,41794.14468,3113.913451,2586.019878
,,,,,537,18474.75158,15611.5524,15074.69739,44353.96172,3113.913451,2586.019878
,,,,,538,18880.21155,15835.84087,15782.80395,47077.12868,3113.913451,2586.019878
,,,,,539,19936.6787,16813.18771,17101.00219,48155.97132,3680.742748,2586.019878
,,,,,540,19652.10923,17052.65706,15648.10341,46554.91855,3680.742748,2586.019878
,,,,,541,18055.38538,16052.32137,15370.16955,45520.21033,3680.742748,2456.3204
,,,,,542,18279.14433,15579.07583,15718.88872,46879.98997,3680.742748,2456.3204
,,,,,543,18243.51079,16094.81633,15559.39811,47040.59039,3680.742748,2456.3204
,,,,,544,18658.70353,16059.99081,15944.24467,47404.12931,3113.913451,2586.019878
,,,,,545,21005.94867,16498.62952,16280.8195,47149.82686,3466.018937,2739.027514
,,,,,546,20298.08377,17843.99381,15976.26162,45476.72145,3466.018937,2739.027514
,,,,,547,18909.08507,17531.18548,15283.11521,44697.11578,3466.018937,2739.027514
,,,,,548,19482.86009,17221.89972,15867.51727,45706.7533,3466.018937,2739.027514
,,,,,549,18672.19969,16886.54467,15451.74292,46140.14409,3466.018937,2739.027514
,,,,,550,17174.18927,16667.86675,14568.96946,49516.88389,3113.913451,2739.027514
,,,,,551,15644.51187,15303.21997,13299.12992,46035.07786,3113.913451,2739.027514
,,,,,552,14178.64521,14331.75248,12218.66532,42698.46139,3113.913451,2739.027514
,,,,,553,13585.81682,13298.65426,11518.17689,40902.90382,3247.749635,2588.055916
,,,,,554,13453.59683,13101.43275,11299.52908,39979.07069,3247.749635,2452.637836
,,,,,555,13453.59683,13101.43275,11299.52908,38805.23478,3247.749635,2452.637836
,,,,,556,13453.59683,13101.43275,11299.52908,38805.23478,3247.749635,2452.637836
,,,,,557,13977.03614,13128.929,11299.52908,38805.23478,3247.749635,2452.637836
,,,,,558,16369.81189,14220.16053,12843.6212,40392.31563,3247.749635,2452.637836
,,,,,559,17888.52353,15765.51961,13794.71724,42589.08688,3247.749635,2588.055916
,,,,,560,17606.56268,15497.2939,14017.35663,41956.29203,3247.749635,2588.055916
,,,,,561,18272.45348,15357.80147,14936.87313,44473.72758,3247.749635,2588.055916
,,,,,562,18675.92059,15581.49133,15620.90454,47151.80857,3247.749635,2588.055916
,,,,,563,19727.19553,16556.22964,16919.21794,48212.78941,3849.178849,2588.055916
,,,,,564,19444.02457,16795.05985,15490.78373,46638.24438,3849.178849,2588.055916
,,,,,565,17855.14816,15797.39404,15222.29944,45620.66726,3849.178849,2452.637836
,,,,,566,18077.8075,15325.41159,15559.16239,46957.93378,3849.178849,2452.637836
,,,,,567,18042.34903,15839.77558,15405.09435,47115.87522,3849.178849,2452.637836
,,,,,568,18455.5013,15805.04301,15776.85638,47473.39523,3247.749635,2588.055916
,,,,,569,20793.96607,16242.51101,16101.98789,47223.30313,3621.70371,2747.128663
,,,,,570,20086.8243,17584.65048,15807.78477,45577.8984,3621.70371,2747.128663
,,,,,571,18704.65215,17272.31109,15138.20489,44811.20023,3621.70371,2747.128663
,,,,,572,19275.60726,16963.85081,15702.73766,45804.12174,3621.70371,2747.128663
,,,,,573,18468.93109,16629.39081,15301.09937,46230.33712,3621.70371,2747.128663
,,,,,574,16978.28296,16411.29654,14448.33962,49566.27602,3247.749635,2747.128663
,,,,,575,15456.12361,15050.29198,13221.67378,46127.01041,3247.749635,2747.128663
,,,,,576,13997.46133,14081.41731,12177.94427,42845.63646,3247.749635,2747.128663
,,,,,577,13502.05007,13634.72015,11401.57196,41529.47514,3266.78985,2634.4556
,,,,,578,13366.92679,13433.24063,11178.68889,40599.95316,3266.78985,2490.494021
,,,,,579,13366.92679,13433.24063,11178.68889,39417.4479,3266.78985,2490.494021
,,,,,580,13366.92679,13433.24063,11178.68889,39417.4479,3266.78985,2490.494021
,,,,,581,13897.27209,13461.97495,11178.68889,39417.4479,3266.78985,2490.494021
,,,,,582,16314.52916,14572.62291,12743.21716,41015.7428,3266.78985,2490.494021
,,,,,583,17848.77927,16145.47878,13705.93844,43226.04149,3266.78985,2634.4556
,,,,,584,17563.93362,15872.4805,13931.29915,42589.34997,3266.78985,2634.4556
,,,,,585,18236.63731,15730.50606,14862.05489,45122.28757,3266.78985,2634.4556
,,,,,586,18644.23243,15958.17606,15554.4472,47816.85984,3266.78985,2634.4556
,,,,,587,19706.26332,16950.25803,16859.66628,48884.37406,3838.51905,2634.4556
,,,,,588,19420.19504,17193.33778,15422.73593,47300.13319,3838.51905,2634.4556
,,,,,589,17815.06251,16177.92036,15150.96996,46276.28995,3838.51905,2490.494021
,,,,,590,18039.99979,15697.53986,15491.95038,47621.79119,3838.51905,2490.494021
,,,,,591,18004.17867,16221.056,15335.99917,47780.70522,3838.51905,2490.494021
,,,,,592,18421.55794,16185.70543,15712.30525,48140.42679,3266.78985,2634.4556
,,,,,593,20778.21158,16630.95735,16041.41083,47888.79465,3621.993337,2801.939033
,,,,,594,20069.57166,17994.53814,15743.61167,46233.25773,3621.993337,2801.939033
,,,,,595,18673.25812,17679.08082,15065.84752,45461.83833,3621.993337,2801.939033
,,,,,596,19250.05462,17365.13206,15637.28057,46460.87413,3621.993337,2801.939033
,,,,,597,18435.12524,17024.72097,15230.73306,46889.71408,3621.993337,2801.939033
,,,,,598,16929.22572,16802.74611,14367.55003,50240.57689,3266.78985,2801.939033
,,,,,599,15391.49261,15417.525,13125.89068,46785.7511,3266.78985,2801.939033
,,,,,600,13917.90625,14431.41102,12069.40367,43484.17087,3266.78985,2801.939033
,,,,,601,13617.69421,14071.39817,11347.89842,42319.1576,3191.475931,2655.693635
,,,,,602,13475.31623,13845.42187,11113.45383,41346.23581,3191.475931,2507.905729
,,,,,603,13475.31623,13845.42187,11113.45383,40097.59268,3191.475931,2507.905729
,,,,,604,13475.31623,13845.42187,11113.45383,40097.59268,3191.475931,2507.905729
,,,,,605,14022.91807,13881.27893,11113.45383,40097.59268,3191.475931,2507.905729
,,,,,606,16501.3484,15103.63151,12733.76928,41781.43887,3191.475931,2507.905729
,,,,,607,18074.42568,16834.67907,13728.22548,44094.93743,3191.475931,2655.693635
,,,,,608,17782.37141,16534.22368,13961.01492,43428.51849,3191.475931,2655.693635
,,,,,609,18472.09915,16377.97001,14922.45187,46079.72012,3191.475931,2655.693635
,,,,,610,18890.0092,16628.53817,15637.66803,48900.10322,3191.475931,2655.693635
,,,,,611,19978.91696,17720.39986,16961.73844,50017.46017,3690.564769,2655.693635
,,,,,612,19685.60926,17987.92762,15501.61506,48359.25036,3690.564769,2655.693635
,,,,,613,18039.85569,16870.3835,15220.89066,47287.60341,3690.564769,2507.905729
,,,,,614,18270.48549,16341.6882,15573.11108,48695.92672,3690.564769,2507.905729
,,,,,615,18233.75761,16917.85755,15412.01913,48862.26052,3690.564769,2507.905729
,,,,,616,18661.69965,16878.95155,15800.72967,49238.77766,3191.475931,2655.693635
,,,,,617,21063.80309,17368.98517,16140.68381,48975.3967,3500.818788,2823.799083
,,,,,618,20351.41937,18855.91986,15833.06808,47242.56199,3500.818788,2823.799083
,,,,,619,18919.76939,18522.52479,15132.96227,46435.12466,3500.818788,2823.799083
,,,,,620,19511.16297,18177.00029,15723.2319,47480.8059,3500.818788,2823.799083
,,,,,621,18675.61016,17802.35199,15303.28305,47929.66859,3500.818788,2823.799083
,,,,,622,17131.60106,17558.05177,14411.64627,51394.38488,3191.475931,2823.799083
,,,,,623,15554.9527,16033.51055,13129.05716,47820.85154,3191.475931,2823.799083
,,,,,624,14044.07444,14948.21708,12037.74437,44365.11899,3191.475931,2823.799083
,,,,,625,13763.89558,14413.46767,11379.90786,43234.64261,3086.408681,2685.689869
,,,,,626,13614.17398,14166.18792,11119.82038,42244.2849,3086.408681,2526.227609
,,,,,627,13614.17398,14170.7999,11119.82038,40969.07081,3086.408681,2526.227609
,,,,,628,13614.17398,14166.18792,11119.82038,40969.07081,3086.408681,2526.227609
,,,,,629,14179.24384,14209.32029,11119.82038,40969.07081,3086.408681,2526.227609
,,,,,630,16719.59713,15521.86538,12863.8691,42687.28732,3086.408681,2526.227609
,,,,,631,18331.97715,17380.64001,13928.71178,45042.24653,3086.408681,2685.689869
,,,,,632,18032.62598,17058.01523,14177.97779,44363.88456,3086.408681,2685.689869
,,,,,633,18739.58644,16890.23223,15207.46416,47062.59889,3086.408681,2685.689869
,,,,,634,19167.93789,17159.2888,15973.30252,49933.52662,3086.408681,2685.689869
,,,,,635,20284.05156,18331.7146,17339.18427,51070.90795,3556.897418,2685.689869
,,,,,636,19983.41568,18618.98217,15827.61987,49382.98104,3556.897418,2685.689869
,,,,,637,18296.54338,17418.97893,15527.02612,48292.12889,3556.897418,2526.227609
,,,,,638,18532.93553,16851.27332,15904.1763,49725.69104,3556.897418,2526.227609
,,,,,639,18495.29003,17469.9559,15731.68244,49895.00574,3556.897418,2526.227609
,,,,,640,18933.92396,17428.17919,16147.90548,50278.27051,3086.408681,2685.689869
,,,,,641,21382.03415,17954.37043,16511.92119,50010.16945,3377.70044,2857.793703
,,,,,642,20665.86085,19540.8643,16182.53276,48246.28027,3377.70044,2857.793703
,,,,,643,19198.44163,19193.02512,15432.87425,47424.37271,3377.70044,2857.793703
,,,,,644,19804.61098,18822.00576,16064.9225,48488.7938,3377.70044,2857.793703
,,,,,645,18948.18212,18419.71365,15615.25015,48945.70065,3377.70044,2857.793703
,,,,,646,17365.59638,18157.3875,14660.50433,52456.15769,3086.408681,2857.793703
,,,,,647,15749.55591,16520.35647,13287.135,48834.93346,3086.408681,2857.793703
,,,,,648,14200.9288,15354.98354,12118.58033,45317.27007,3086.408681,2857.793703
,,,,,649,13942.35248,15017.25103,11575.57514,43730.90824,3053.174561,2756.868964
,,,,,650,13796.5861,14779.03787,11299.0334,42745.64125,3053.174561,2596.999496
,,,,,651,13796.5861,14781.67737,11299.0334,41478.18501,3053.174561,2596.999496
,,,,,652,13796.5861,14779.03787,11299.0334,41478.18501,3053.174561,2596.999496
,,,,,653,14352.2478,14819.07166,11299.0334,41478.18501,3053.174561,2596.999496
,,,,,654,16859.24978,16093.24605,13122.47802,43186.36651,3053.174561,2596.999496
,,,,,655,18450.46143,17897.68162,14232.48559,45529.22057,3053.174561,2756.868964
,,,,,656,18155.04032,17584.48838,14492.32413,44854.34557,3053.174561,2756.868964
,,,,,657,18852.71942,17421.61032,15565.47576,47539.18775,3053.174561,2756.868964
,,,,,658,19275.44718,17682.80135,16363.79685,50395.3581,3053.174561,2756.868964
,,,,,659,20376.90778,18820.95267,17756.50767,51526.89297,3518.219686,2756.868964
,,,,,660,20080.21892,19099.82231,16211.93513,49847.64248,3518.219686,2756.868964
,,,,,661,18415.49289,17934.89974,15898.59181,48762.39762,3518.219686,2596.999496
,,,,,662,18648.78154,17383.79033,16291.73867,50188.59085,3518.219686,2596.999496
,,,,,663,18611.63026,17984.38646,16111.92855,50357.03523,3518.219686,2596.999496
,,,,,664,19044.50563,17943.83104,16545.80552,50738.32992,3053.174561,2756.868964
,,,,,665,21467.83672,18454.63971,16925.26082,50471.60697,3341.030653,2890.598004
,,,,,666,20753.70453,19998.7781,16581.90151,48716.78468,3341.030653,2890.598004
,,,,,667,19305.55041,19657.0838,15800.44653,47899.10195,3341.030653,2890.598004
,,,,,668,19903.76165,19296.91074,16459.30286,48958.05162,3341.030653,2890.598004
,,,,,669,19058.57654,18906.37917,15990.55783,49412.60984,3341.030653,2890.598004
,,,,,670,17496.76788,18651.72181,14995.31683,52909.71207,3053.174561,2890.598004
,,,,,671,15901.94385,17062.54744,13563.69659,49302.41202,3053.174561,2890.598004
,,,,,672,14373.64805,15931.2428,12345.57812,45802.83041,3053.174561,2890.598004